movieId,mean,count,weighted_score,title,year,genres,Horror,Musical,Animation,(no genres listed),Crime,Fantasy,Documentary,Adventure,Romance,Western,Comedy,Mystery,IMAX,Drama,Children,Film-Noir,Action,War,Sci-Fi,Thriller
1,3.872469636,247,3.83685288,Toy Story ,1995,Adventure|Animation|Children|Comedy|Fantasy,0,0,1,0,0,1,0,1,0,0,1,0,0,0,1,0,0,0,0,0
2,3.401869159,107,3.432906917,Jumanji ,1995,Adventure|Children|Fantasy,0,0,0,0,0,1,0,1,0,0,0,0,0,0,1,0,0,0,0,0
3,3.161016949,59,3.289980311,Grumpier Old Men ,1995,Comedy|Romance,0,0,0,0,0,0,0,0,1,0,1,0,0,0,0,0,0,0,0,0
5,3.267857143,56,3.364049392,Father of the Bride Part II ,1995,Comedy,0,0,0,0,0,0,0,0,0,0,1,0,0,0,0,0,0,0,0,0
6,3.884615385,104,3.808270505,Heat ,1995,Action|Crime|Thriller,0,0,0,0,1,0,0,0,0,0,0,0,0,0,0,0,1,0,0,1
7,3.283018868,53,3.377207803,Sabrina ,1995,Comedy|Romance,0,0,0,0,0,0,0,0,1,0,1,0,0,0,0,0,0,0,0,0
10,3.450819672,122,3.469133208,GoldenEye ,1995,Action|Adventure|Thriller,0,0,0,0,0,0,0,1,0,0,0,0,0,0,0,0,1,0,0,1
11,3.68902439,82,3.65007364,"American President ",1995,Comedy|Drama|Romance,0,0,0,0,0,0,0,0,1,0,1,0,0,1,0,0,0,0,0,0
14,3.451612903,31,3.496856519,Nixon ,1995,Drama,0,0,0,0,0,0,0,0,0,0,0,0,0,1,0,0,0,0,0,0
16,3.948863636,88,3.845832607,Casino ,1995,Crime|Drama,0,0,0,0,1,0,0,0,0,0,0,0,0,1,0,0,0,0,0,0
17,3.924418605,86,3.82593317,Sense and Sensibility ,1995,Drama|Romance,0,0,0,0,0,0,0,0,1,0,0,0,0,1,0,0,0,0,0,0
19,2.597826087,92,2.830395473,Ace Ventura: When Nature Calls ,1995,Comedy,0,0,0,0,0,0,0,0,0,0,1,0,0,0,0,0,0,0,0,0
21,3.536842105,95,3.538465981,Get Shorty ,1995,Comedy|Crime|Thriller,0,0,0,0,1,0,0,0,0,0,1,0,0,0,0,0,0,0,0,1
22,3.355263158,38,3.438356583,Copycat ,1995,Crime|Drama|Horror|Mystery|Thriller,1,0,0,0,1,0,0,0,0,0,0,1,0,1,0,0,0,0,0,1
24,3.044117647,34,3.27825387,Powder ,1995,Drama|Sci-Fi,0,0,0,0,0,0,0,0,0,0,0,0,0,1,0,0,0,0,1,0
25,3.742574257,101,3.697009524,Leaving Las Vegas ,1995,Drama|Romance,0,0,0,0,0,0,0,0,1,0,0,0,0,1,0,0,0,0,0,0
29,4.025,40,3.818689252,"City of Lost Children ","Cité des enfants perdus, La",Adventure|Drama|Fantasy|Mystery|Sci-Fi,0,0,0,0,0,1,0,1,0,0,0,1,0,1,0,0,0,0,1,0
31,3.178571429,42,3.330670107,Dangerous Minds ,1995,Drama,0,0,0,0,0,0,0,0,0,0,0,0,0,1,0,0,0,0,0,0
32,3.923469388,196,3.873045344,Twelve Monkeys ,a.k.a. 12 Monkeys,Mystery|Sci-Fi|Thriller,0,0,0,0,0,0,0,0,0,0,0,1,0,0,0,0,0,0,1,1
34,3.601351351,148,3.591619369,Babe ,1995,Children|Drama,0,0,0,0,0,0,0,0,0,0,0,0,0,1,1,0,0,0,0,0
36,3.9375,104,3.849315281,Dead Man Walking ,1995,Crime|Drama,0,0,0,0,1,0,0,0,0,0,0,0,0,1,0,0,0,0,0,0
39,3.55,120,3.548721651,Clueless ,1995,Comedy|Romance,0,0,0,0,0,0,0,0,1,0,1,0,0,0,0,0,0,0,0,0
44,2.697368421,38,3.070709525,Mortal Kombat ,1995,Action|Adventure|Fantasy,0,0,0,0,0,1,0,1,0,0,0,0,0,0,0,0,1,0,0,0
45,3.523255814,43,3.531619831,To Die For ,1995,Comedy|Drama|Thriller,0,0,0,0,0,0,0,0,0,0,1,0,0,1,0,0,0,0,0,1
47,4.034825871,201,3.971031375,Seven ,a.k.a. Se7en,Mystery|Thriller,0,0,0,0,0,0,0,0,0,0,0,1,0,0,0,0,0,0,0,1
48,2.926229508,61,3.129760963,Pocahontas ,1995,Animation|Children|Drama|Musical|Romance,0,1,1,0,0,0,0,0,1,0,0,0,0,1,1,0,0,0,0,0
50,4.370646766,201,4.263239167,"Usual Suspects ",1995,Crime|Mystery|Thriller,0,0,0,0,1,0,0,0,0,0,0,1,0,0,0,0,0,0,0,1
52,3.637254902,51,3.602570959,Mighty Aphrodite ,1995,Comedy|Drama|Romance,0,0,0,0,0,0,0,0,1,0,1,0,0,1,0,0,0,0,0,0
58,4,45,3.817443302,"Postman ","Postino, Il",Comedy|Drama|Romance,0,0,0,0,0,0,0,0,1,0,1,0,0,1,0,0,0,0,0,0
60,2.828125,32,3.174326575,"Indian in the Cupboard ",1995,Adventure|Children|Fantasy,0,0,0,0,0,1,0,1,0,0,0,0,0,0,1,0,0,0,0,0
62,3.689655172,87,3.652207245,Mr. Holland's Opus ,1995,Drama,0,0,0,0,0,0,0,0,0,0,0,0,0,1,0,0,0,0,0,0
70,3.020833333,48,3.221900611,From Dusk Till Dawn ,1996,Action|Comedy|Horror|Thriller,1,0,0,0,0,0,0,0,0,0,1,0,0,0,0,0,1,0,0,1
95,3.177419355,93,3.266733721,Broken Arrow ,1996,Action|Adventure|Thriller,0,0,0,0,0,0,0,1,0,0,0,0,0,0,0,0,1,0,0,1
104,3.292553191,94,3.35329232,Happy Gilmore ,1996,Comedy,0,0,0,0,0,0,0,0,0,0,1,0,0,0,0,0,0,0,0,0
105,3.114583333,48,3.279592919,"Bridges of Madison County ",1995,Drama|Romance,0,0,0,0,0,0,0,0,1,0,0,0,0,1,0,0,0,0,0,0
110,3.945175439,228,3.89848158,Braveheart ,1995,Action|Drama|War,0,0,0,0,0,0,0,0,0,0,0,0,0,1,0,0,1,1,0,0
111,4.224576271,118,4.086542214,Taxi Driver ,1976,Crime|Drama|Thriller,0,0,0,0,1,0,0,0,0,0,0,0,0,1,0,0,0,0,0,1
112,3.295918367,49,3.389977819,Rumble in the Bronx ,Hont faan kui,Action|Adventure|Comedy|Crime,0,0,0,0,1,0,0,1,0,0,1,0,0,0,0,0,1,0,0,0
141,3.580645161,93,3.57161177,"Birdcage ",1996,Comedy,0,0,0,0,0,0,0,0,0,0,1,0,0,0,0,0,0,0,0,0
145,3.279069767,43,3.387784215,Bad Boys ,1995,Action|Comedy|Crime|Drama|Thriller,0,0,0,0,1,0,0,0,0,0,1,0,0,1,0,0,1,0,0,1
150,3.9025,200,3.855688033,Apollo 13 ,1995,Adventure|Drama|IMAX,0,0,0,0,0,0,0,1,0,0,0,0,1,1,0,0,0,0,0,0
151,3.5625,48,3.555233944,Rob Roy ,1995,Action|Drama|Romance|War,0,0,0,0,0,0,0,0,1,0,0,0,0,1,0,0,1,1,0,0
153,2.782945736,129,2.926466966,Batman Forever ,1995,Action|Adventure|Comedy|Crime,0,0,0,0,1,0,0,1,0,0,1,0,0,0,0,0,1,0,0,0
158,2.870689655,58,3.100093724,Casper ,1995,Adventure|Children,0,0,0,0,0,0,0,1,0,0,0,0,0,0,1,0,0,0,0,0
160,2.341269841,63,2.729120943,Congo ,1995,Action|Adventure|Mystery|Sci-Fi,0,0,0,0,0,0,0,1,0,0,0,1,0,0,0,0,1,0,1,0
161,3.83125,80,3.752802252,Crimson Tide ,1995,Drama|Thriller|War,0,0,0,0,0,0,0,0,0,0,0,0,0,1,0,0,0,1,0,1
162,4.136363636,33,3.854099169,Crumb ,1994,Documentary,0,0,0,0,0,0,1,0,0,0,0,0,0,0,0,0,0,0,0,0
163,3.515873016,63,3.524819867,Desperado ,1995,Action|Romance|Western,0,0,0,0,0,0,0,0,1,1,0,0,0,0,0,0,1,0,0,0
165,3.443661972,142,3.461094463,Die Hard: With a Vengeance ,1995,Action|Crime|Thriller,0,0,0,0,1,0,0,0,0,0,0,0,0,0,0,0,1,0,0,1
168,3.11627907,43,3.291893804,First Knight ,1995,Action|Drama|Romance,0,0,0,0,0,0,0,0,1,0,0,0,0,1,0,0,1,0,0,0
172,2.572916667,48,2.946259586,Johnny Mnemonic ,1995,Action|Sci-Fi|Thriller,0,0,0,0,0,0,0,0,0,0,0,0,0,0,0,0,1,0,1,1
173,2.564285714,70,2.858082477,Judge Dredd ,1995,Action|Crime|Sci-Fi,0,0,0,0,1,0,0,0,0,0,0,0,0,0,0,0,1,0,1,0
180,3.306818182,44,3.402814158,Mallrats ,1995,Comedy|Romance,0,0,0,0,0,0,0,0,1,0,1,0,0,0,0,0,0,0,0,0
185,3.102941176,102,3.203092785,"Net ",1995,Action|Crime|Thriller,0,0,0,0,1,0,0,0,0,0,0,0,0,0,0,0,1,0,0,1
186,2.875,48,3.132157021,Nine Months ,1995,Comedy|Romance,0,0,0,0,0,0,0,0,1,0,1,0,0,0,0,0,0,0,0,0
193,2.314285714,35,2.881665349,Showgirls ,1995,Drama,0,0,0,0,0,0,0,0,0,0,0,0,0,1,0,0,0,0,0,0
196,2.809090909,55,3.068332326,Species ,1995,Horror|Sci-Fi,1,0,0,0,0,0,0,0,0,0,0,0,0,0,0,0,0,0,1,0
198,3.441860465,43,3.483674626,Strange Days ,1995,Action|Crime|Drama|Mystery|Sci-Fi|Thriller,0,0,0,0,1,0,0,0,0,0,0,1,0,1,0,0,1,0,1,1
204,3,31,3.267348322,Under Siege 2: Dark Territory ,1995,Action,0,0,0,0,0,0,0,0,0,0,0,0,0,0,0,0,1,0,0,0
208,2.752212389,113,2.918239494,Waterworld ,1995,Action|Adventure|Sci-Fi,0,0,0,0,0,0,0,1,0,0,0,0,0,0,0,0,1,0,1,0
216,3.023809524,42,3.240392329,Billy Madison ,1995,Comedy,0,0,0,0,0,0,0,0,0,0,1,0,0,0,0,0,0,0,0,0
223,3.963302752,109,3.872721206,Clerks ,1994,Comedy,0,0,0,0,0,0,0,0,0,0,1,0,0,0,0,0,0,0,0,0
224,3.6,35,3.573973041,Don Juan DeMarco ,1995,Comedy|Drama|Romance,0,0,0,0,0,0,0,0,1,0,1,0,0,1,0,0,0,0,0,0
225,3.173076923,52,3.308637167,Disclosure ,1994,Drama|Thriller,0,0,0,0,0,0,0,0,0,0,0,0,0,1,0,0,0,0,0,1
231,3.110759494,158,3.179831105,Dumb & Dumber ,Dumb and Dumber,Adventure|Comedy,0,0,0,0,0,0,0,1,0,0,1,0,0,0,0,0,0,0,0,0
235,3.903846154,78,3.803780071,Ed Wood ,1994,Comedy|Drama,0,0,0,0,0,0,0,0,0,0,1,0,0,1,0,0,0,0,0,0
236,3.358333333,60,3.420091641,French Kiss ,1995,Action|Comedy|Romance,0,0,0,0,0,0,0,0,1,0,1,0,0,0,0,0,1,0,0,0
237,3.191176471,34,3.35637887,Forget Paris ,1995,Comedy|Romance,0,0,0,0,0,0,0,0,1,0,1,0,0,0,0,0,0,0,0,0
246,4.040983607,61,3.877013711,Hoop Dreams ,1994,Documentary,0,0,0,0,0,0,1,0,0,0,0,0,0,0,0,0,0,0,0,0
247,3.651162791,43,3.606962297,Heavenly Creatures ,1994,Crime|Drama,0,0,0,0,1,0,0,0,0,0,0,0,0,1,0,0,0,0,0,0
252,3.06097561,41,3.264904897,I.Q. ,1994,Comedy|Romance,0,0,0,0,0,0,0,0,1,0,1,0,0,0,0,0,0,0,0,0
253,3.396,125,3.42456934,Interview with the Vampire: The Vampire Chronicles ,1994,Drama|Horror,1,0,0,0,0,0,0,0,0,0,0,0,0,1,0,0,0,0,0,0
256,2.702380952,42,3.052892329,Junior ,1994,Comedy|Sci-Fi,0,0,0,0,0,0,0,0,0,0,1,0,0,0,0,0,0,0,1,0
260,4.221649485,291,4.158281145,Star Wars: Episode IV - A New Hope ,1977,Action|Adventure|Sci-Fi,0,0,0,0,0,0,0,1,0,0,0,0,0,0,0,0,1,0,1,0
261,3.715686275,51,3.651953675,Little Women ,1994,Drama,0,0,0,0,0,0,0,0,0,0,0,0,0,1,0,0,0,0,0,0
265,3.879032258,62,3.769654866,Like Water for Chocolate ,Como agua para chocolate,Drama|Fantasy|Romance,0,0,0,0,0,1,0,0,1,0,0,0,0,1,0,0,0,0,0,0
266,3.48630137,73,3.502992696,Legends of the Fall ,1994,Drama|Romance|War|Western,0,0,0,0,0,0,0,0,1,1,0,0,0,1,0,0,0,1,0,0
272,4,39,3.801568807,"Madness of King George ",1994,Comedy|Drama,0,0,0,0,0,0,0,0,0,0,1,0,0,1,0,0,0,0,0,0
277,3.357142857,35,3.44320381,Miracle on 34th Street ,1994,Drama,0,0,0,0,0,0,0,0,0,0,0,0,0,1,0,0,0,0,0,0
282,3.284090909,44,3.389300644,Nell ,1994,Drama,0,0,0,0,0,0,0,0,0,0,0,0,0,1,0,0,0,0,0,0
288,3.336448598,107,3.381812027,Natural Born Killers ,1994,Action|Crime|Thriller,0,0,0,0,1,0,0,0,0,0,0,0,0,0,0,0,1,0,0,1
292,3.309090909,110,3.359344626,Outbreak ,1995,Action|Drama|Sci-Fi|Thriller,0,0,0,0,0,0,0,0,0,0,0,0,0,1,0,0,1,0,1,1
293,4.071969697,132,3.974124986,Léon: The Professional ,a.k.a. The Professional,Action|Crime|Drama|Thriller,0,0,0,0,1,0,0,0,0,0,0,0,0,1,0,0,1,0,0,1
296,4.25617284,324,4.19578601,Pulp Fiction ,1994,Comedy|Crime|Drama|Thriller,0,0,0,0,1,0,0,0,0,0,1,0,0,1,0,0,0,0,0,1
300,3.75,90,3.698402064,Quiz Show ,1994,Drama,0,0,0,0,0,0,0,0,0,0,0,0,0,1,0,0,0,0,0,0
306,4.171875,32,3.867874962,Three Colors: Red ,Trois couleurs: Rouge,Drama,0,0,0,0,0,0,0,0,0,0,0,0,0,1,0,0,0,0,0,0
307,4.14516129,31,3.849315536,Three Colors: Blue ,Trois couleurs: Bleu,Drama,0,0,0,0,0,0,0,0,0,0,0,0,0,1,0,0,0,0,0,0
315,2.909090909,44,3.166327671,"Specialist ",1994,Action|Drama|Thriller,0,0,0,0,0,0,0,0,0,0,0,0,0,1,0,0,1,0,0,1
316,3.368965517,145,3.398904272,Stargate ,1994,Action|Adventure|Sci-Fi,0,0,0,0,0,0,0,1,0,0,0,0,0,0,0,0,1,0,1,0
317,2.964285714,70,3.138082477,"Santa Clause ",1994,Comedy|Drama|Fantasy,0,0,0,0,0,1,0,0,0,0,1,0,0,1,0,0,0,0,0,0
318,4.487138264,311,4.404129759,"Shawshank Redemption ",1994,Crime|Drama,0,0,0,0,1,0,0,0,0,0,0,0,0,1,0,0,0,0,0,0
319,3.973684211,38,3.783944819,Shallow Grave ,1994,Comedy|Drama|Thriller,0,0,0,0,0,0,0,0,0,0,1,0,0,1,0,0,0,0,0,1
329,3.350877193,114,3.391029498,Star Trek: Generations ,1994,Adventure|Drama|Sci-Fi,0,0,0,0,0,0,0,1,0,0,0,0,0,1,0,0,0,0,1,0
333,3.32,50,3.403853096,Tommy Boy ,1995,Comedy,0,0,0,0,0,0,0,0,0,0,1,0,0,0,0,0,0,0,0,0
337,3.795454545,88,3.731425828,What's Eating Gilbert Grape ,1993,Drama,0,0,0,0,0,0,0,0,0,0,0,0,0,1,0,0,0,0,0,0
339,3.440594059,101,3.464185097,While You Were Sleeping ,1995,Comedy|Romance,0,0,0,0,0,0,0,0,1,0,1,0,0,0,0,0,0,0,0,0
342,3.4375,56,3.474514508,Muriel's Wedding ,1994,Comedy,0,0,0,0,0,0,0,0,0,0,1,0,0,0,0,0,0,0,0,0
344,2.871428571,175,2.96979633,Ace Ventura: Pet Detective ,1994,Comedy,0,0,0,0,0,0,0,0,0,0,1,0,0,0,0,0,0,0,0,0
345,3.75,48,3.67061856,"Adventures of Priscilla, Queen of the Desert ",1994,Comedy|Drama,0,0,0,0,0,0,0,0,0,0,1,0,0,1,0,0,0,0,0,0
348,3.9375,40,3.768689252,Bullets Over Broadway ,1994,Comedy,0,0,0,0,0,0,0,0,0,0,1,0,0,0,0,0,0,0,0,0
349,3.786956522,115,3.736608605,Clear and Present Danger ,1994,Action|Crime|Drama|Thriller,0,0,0,0,1,0,0,0,0,0,0,0,0,1,0,0,1,0,0,1
350,3.328571429,70,3.393082477,"Client ",1994,Drama|Mystery|Thriller,0,0,0,0,0,0,0,0,0,0,0,1,0,1,0,0,0,0,0,1
353,3.589552239,67,3.575342759,"Crow ",1994,Action|Crime|Fantasy|Thriller,0,0,0,0,1,1,0,0,0,0,0,0,0,0,0,0,1,0,0,1
355,2.205128205,39,2.787076053,"Flintstones ",1994,Children|Comedy|Fantasy,0,0,0,0,0,1,0,0,0,0,1,0,0,0,1,0,0,0,0,0
356,4.054252199,341,4.012960236,Forrest Gump ,1994,Comedy|Drama|Romance|War,0,0,0,0,0,0,0,0,1,0,1,0,0,1,0,0,0,1,0,0
357,3.68442623,122,3.656633208,Four Weddings and a Funeral ,1994,Comedy|Romance,0,0,0,0,0,0,0,0,1,0,1,0,0,0,0,0,0,0,0,0
364,3.7775,200,3.746992381,"Lion King ",1994,Adventure|Animation|Children|Drama|Musical|IMAX,0,1,1,0,0,0,0,1,0,0,0,0,1,1,1,0,0,0,0,0
367,3.070063694,157,3.14603341,"Mask ",1994,Action|Comedy|Crime|Fantasy,0,0,0,0,1,1,0,0,0,0,1,0,0,0,0,0,1,0,0,0
368,3.535211268,71,3.537705422,Maverick ,1994,Adventure|Comedy|Western,0,0,0,0,0,0,0,1,0,1,1,0,0,0,0,0,0,0,0,0
370,3.052238806,67,3.204208739,Naked Gun 33 1/3: The Final Insult ,1994,Action|Comedy,0,0,0,0,0,0,0,0,0,0,1,0,0,0,0,0,1,0,0,0
372,3.058823529,34,3.28606637,Reality Bites ,1994,Comedy|Drama|Romance,0,0,0,0,0,0,0,0,1,0,1,0,0,1,0,0,0,0,0,0
376,3.425531915,47,3.471535684,"River Wild ",1994,Action|Thriller,0,0,0,0,0,0,0,0,0,0,0,0,0,0,0,0,1,0,0,1
377,3.566666667,180,3.563372608,Speed ,1994,Action|Romance|Thriller,0,0,0,0,0,0,0,0,1,0,0,0,0,0,0,0,1,0,0,1
380,3.515151515,198,3.518895823,True Lies ,1994,Action|Adventure|Comedy|Romance|Thriller,0,0,0,0,0,0,0,1,1,0,1,0,0,0,0,0,1,0,0,1
410,3.150684932,73,3.265128618,Addams Family Values ,1993,Children|Comedy|Fantasy,0,0,0,0,0,1,0,0,0,0,1,0,0,0,1,0,0,0,0,0
420,2.631578947,57,2.946071812,Beverly Hills Cop III ,1994,Action|Comedy|Crime|Thriller,0,0,0,0,1,0,0,0,0,0,1,0,0,0,0,0,1,0,0,1
431,3.671875,32,3.609810446,Carlito's Way ,1993,Crime|Drama,0,0,0,0,1,0,0,0,0,0,0,0,0,1,0,0,0,0,0,0
432,2.650793651,63,2.938798362,City Slickers II: The Legend of Curly's Gold ,1994,Adventure|Comedy|Western,0,0,0,0,0,0,0,1,0,1,1,0,0,0,0,0,0,0,0,0
434,3.08490566,106,3.186090056,Cliffhanger ,1993,Action|Adventure|Thriller,0,0,0,0,0,0,0,1,0,0,0,0,0,0,0,0,1,0,0,1
435,2.463636364,55,2.844802914,Coneheads ,1993,Comedy|Sci-Fi,0,0,0,0,0,0,0,0,0,0,1,0,0,0,0,0,0,0,1,0
440,3.561111111,90,3.556735397,Dave ,1993,Comedy|Romance,0,0,0,0,0,0,0,0,1,0,1,0,0,0,0,0,0,0,0,0
441,3.662162162,37,3.609078323,Dazed and Confused ,1993,Comedy,0,0,0,0,0,0,0,0,0,0,1,0,0,0,0,0,0,0,0,0
442,2.968421053,95,3.106465981,Demolition Man ,1993,Action|Adventure|Sci-Fi,0,0,0,0,0,0,0,1,0,0,0,0,0,0,0,0,1,0,1,0
454,3.472727273,110,3.487916055,"Firm ",1993,Drama|Thriller,0,0,0,0,0,0,0,0,0,0,0,0,0,1,0,0,0,0,0,1
455,2.838709677,31,3.185381109,Free Willy ,1993,Adventure|Children|Drama,0,0,0,0,0,0,0,1,0,0,0,0,0,1,1,0,0,0,0,0
457,3.953051643,213,3.902503077,"Fugitive ",1993,Thriller,0,0,0,0,0,0,0,0,0,0,0,0,0,0,0,0,0,0,0,1
466,3.169491525,59,3.295598288,Hot Shots! Part Deux ,1993,Action|Comedy|War,0,0,0,0,0,0,0,0,0,0,1,0,0,0,0,0,1,1,0,0
468,3.303030303,33,3.417591233,"Englishman Who Went Up a Hill But Came Down a Mountain ",1995,Comedy|Romance,0,0,0,0,0,0,0,0,1,0,1,0,0,0,0,0,0,0,0,0
471,3.87755102,49,3.750737312,"Hudsucker Proxy ",1994,Comedy,0,0,0,0,0,0,0,0,0,0,1,0,0,0,0,0,0,0,0,0
474,3.8625,80,3.775529524,In the Line of Fire ,1993,Action|Thriller,0,0,0,0,0,0,0,0,0,0,0,0,0,0,0,0,1,0,0,1
475,4.209677419,31,3.882102421,In the Name of the Father ,1993,Drama,0,0,0,0,0,0,0,0,0,0,0,0,0,1,0,0,0,0,0,0
480,3.70620438,274,3.690158709,Jurassic Park ,1993,Action|Adventure|Sci-Fi|Thriller,0,0,0,0,0,0,0,1,0,0,0,0,0,0,0,0,1,0,1,1
481,3.34375,32,3.440455608,Kalifornia ,1993,Drama|Thriller,0,0,0,0,0,0,0,0,0,0,0,0,0,1,0,0,0,0,0,1
485,2.886792453,53,3.124195755,Last Action Hero ,1993,Action|Adventure|Comedy|Fantasy,0,0,0,0,0,1,0,1,0,0,1,0,0,0,0,0,1,0,0,0
494,3.475409836,61,3.497892832,Executive Decision ,1996,Action|Adventure|Thriller,0,0,0,0,0,0,0,1,0,0,0,0,0,0,0,0,1,0,0,1
497,3.983333333,60,3.836758307,Much Ado About Nothing ,1993,Comedy|Romance,0,0,0,0,0,0,0,0,1,0,1,0,0,0,0,0,0,0,0,0
500,3.467320261,153,3.47982649,Mrs. Doubtfire ,1993,Comedy|Drama,0,0,0,0,0,0,0,0,0,0,1,0,0,1,0,0,0,0,0,0
508,3.668604651,86,3.636277997,Philadelphia ,1993,Drama,0,0,0,0,0,0,0,0,0,0,0,0,0,1,0,0,0,0,0,0
509,3.75,78,3.69266896,"Piano ",1993,Drama|Romance,0,0,0,0,0,0,0,0,1,0,0,0,0,1,0,0,0,0,0,0
515,4.043478261,46,3.846161154,"Remains of the Day ",1993,Drama|Romance,0,0,0,0,0,0,0,0,1,0,0,0,0,1,0,0,0,0,0,0
520,3.061538462,65,3.213771028,Robin Hood: Men in Tights ,1993,Comedy,0,0,0,0,0,0,0,0,0,0,1,0,0,0,0,0,0,0,0,0
524,3.555555556,36,3.550124965,Rudy ,1993,Drama,0,0,0,0,0,0,0,0,0,0,0,0,0,1,0,0,0,0,0,0
527,4.303278689,244,4.220103094,Schindler's List ,1993,Drama|War,0,0,0,0,0,0,0,0,0,0,0,0,0,1,0,0,0,1,0,0
529,3.933333333,45,3.777443302,Searching for Bobby Fischer ,1993,Drama,0,0,0,0,0,0,0,0,0,0,0,0,0,1,0,0,0,0,0,0
531,3.564516129,31,3.554233568,"Secret Garden ",1993,Children|Drama,0,0,0,0,0,0,0,0,0,0,0,0,0,1,1,0,0,0,0,0
539,3.428,125,3.450375791,Sleepless in Seattle ,1993,Comedy|Drama|Romance,0,0,0,0,0,0,0,0,1,0,1,0,0,1,0,0,0,0,0,0
541,4.037671233,146,3.953455953,Blade Runner ,1982,Action|Sci-Fi|Thriller,0,0,0,0,0,0,0,0,0,0,0,0,0,0,0,0,1,0,1,1
543,3.346153846,52,3.418393264,So I Married an Axe Murderer ,1993,Comedy|Romance|Thriller,0,0,0,0,0,0,0,0,1,0,1,0,0,0,0,0,0,0,0,1
551,3.65,90,3.623402064,"Nightmare Before Christmas ",1993,Animation|Children|Fantasy|Musical,0,1,1,0,0,1,0,0,0,0,0,0,0,0,1,0,0,0,0,0
552,3.14,50,3.291353096,"Three Musketeers ",1993,Action|Adventure|Comedy|Romance,0,0,0,0,0,0,0,1,1,0,1,0,0,0,0,0,1,0,0,0
553,3.48245614,57,3.503543077,Tombstone ,1993,Action|Drama|Western,0,0,0,0,0,0,0,0,0,1,0,0,0,1,0,0,1,0,0,0
555,3.885714286,70,3.783082477,True Romance ,1993,Crime|Thriller,0,0,0,0,1,0,0,0,0,0,0,0,0,0,0,0,0,0,0,1
585,3.073170732,41,3.27194715,"Brady Bunch Movie ",1995,Comedy,0,0,0,0,0,0,0,0,0,0,1,0,0,0,0,0,0,0,0,0
586,3.112403101,129,3.193762564,Home Alone ,1990,Children|Comedy,0,0,0,0,0,0,0,0,0,0,1,0,0,0,1,0,0,0,0,0
587,3.325396825,126,3.367360562,Ghost ,1990,Comedy|Drama|Fantasy|Romance|Thriller,0,0,0,0,0,1,0,0,1,0,1,0,0,1,0,0,0,0,0,1
588,3.674418605,215,3.658401011,Aladdin ,1992,Adventure|Animation|Children|Comedy|Musical,0,1,1,0,0,0,0,1,0,0,1,0,0,0,1,0,0,0,0,0
589,4.006329114,237,3.954338006,Terminator 2: Judgment Day ,1991,Action|Sci-Fi,0,0,0,0,0,0,0,0,0,0,0,0,0,0,0,0,1,0,1,0
590,3.717821782,202,3.695294171,Dances with Wolves ,1990,Adventure|Drama|Western,0,0,0,0,0,0,0,1,0,1,0,0,0,1,0,0,0,0,0,0
592,3.397959184,196,3.417293131,Batman ,1989,Action|Crime|Thriller,0,0,0,0,1,0,0,0,0,0,0,0,0,0,0,0,1,0,0,1
593,4.138157895,304,4.084755233,"Silence of the Lambs ",1991,Crime|Horror|Thriller,1,0,0,0,1,0,0,0,0,0,0,0,0,0,0,0,0,0,0,1
594,3.661971831,71,3.626814333,Snow White and the Seven Dwarfs ,1937,Animation|Children|Drama|Fantasy|Musical,0,1,1,0,0,1,0,0,0,0,0,0,0,1,1,0,0,0,0,0
595,3.75,176,3.71994295,Beauty and the Beast ,1991,Animation|Children|Fantasy|Musical|Romance|IMAX,0,1,1,0,0,1,0,0,1,0,0,0,1,0,1,0,0,0,0,0
596,3.583333333,66,3.570919247,Pinocchio ,1940,Animation|Children|Fantasy|Musical,0,1,1,0,0,1,0,0,0,0,0,0,0,0,1,0,0,0,0,0
597,3.360544218,147,3.391572021,Pretty Woman ,1990,Comedy|Romance,0,0,0,0,0,0,0,0,1,0,1,0,0,0,0,0,0,0,0,0
608,4.256696429,224,4.172473416,Fargo ,1996,Comedy|Crime|Drama|Thriller,0,0,0,0,1,0,0,0,0,0,1,0,0,1,0,0,0,0,0,1
610,3.348484848,33,3.441400757,Heavy Metal ,1981,Action|Adventure|Animation|Horror|Sci-Fi,1,0,1,0,0,0,0,1,0,0,0,0,0,0,0,0,1,0,1,0
616,3.464285714,42,3.497336773,"Aristocats ",1970,Animation|Children,0,0,1,0,0,0,0,0,0,0,0,0,0,0,1,0,0,0,0,0
628,3.88,50,3.753853096,Primal Fear ,1996,Crime|Drama|Mystery|Thriller,0,0,0,0,1,0,0,0,0,0,0,1,0,1,0,0,0,0,0,1
647,3.629032258,31,3.587020454,Courage Under Fire ,1996,Action|Crime|Drama|War,0,0,0,0,1,0,0,0,0,0,0,0,0,1,0,0,1,1,0,0
648,3.532738095,168,3.534385089,Mission: Impossible ,1996,Action|Adventure|Mystery|Thriller,0,0,0,0,0,0,0,1,0,0,0,1,0,0,0,0,1,0,0,1
653,3.112903226,62,3.253350518,Dragonheart ,1996,Action|Adventure|Fantasy,0,0,0,0,0,1,0,1,0,0,0,0,0,0,0,0,1,0,0,0
661,3.632075472,53,3.60009937,James and the Giant Peach ,1996,Adventure|Animation|Children|Fantasy|Musical,0,1,1,0,0,1,0,1,0,0,0,0,0,0,1,0,0,0,0,0
671,4.03030303,33,3.798543614,Mystery Science Theater 3000: The Movie ,1996,Comedy|Sci-Fi,0,0,0,0,0,0,0,0,0,0,1,0,0,0,0,0,0,0,1,0
673,2.68,50,3.003853096,Space Jam ,1996,Adventure|Animation|Children|Comedy|Fantasy|Sci-Fi,0,0,1,0,0,1,0,1,0,0,1,0,0,0,1,0,0,0,1,0
708,3.401639344,61,3.448442282,"Truth About Cats & Dogs ",1996,Comedy|Romance,0,0,0,0,0,0,0,0,1,0,1,0,0,0,0,0,0,0,0,0
719,2.808823529,34,3.15325387,Multiplicity ,1996,Comedy,0,0,0,0,0,0,0,0,0,0,1,0,0,0,0,0,0,0,0,0
720,4,45,3.817443302,Wallace & Gromit: The Best of Aardman Animation ,1996,Adventure|Animation|Comedy,0,0,1,0,0,0,0,1,0,0,1,0,0,0,0,0,0,0,0,0
724,3.111111111,36,3.307700722,"Craft ",1996,Drama|Fantasy|Horror|Thriller,1,0,0,0,0,1,0,0,0,0,0,0,0,1,0,0,0,0,0,1
733,3.737037037,135,3.701868168,"Rock ",1996,Action|Adventure|Thriller,0,0,0,0,0,0,0,1,0,0,0,0,0,0,0,0,1,0,0,1
736,3.25,150,3.298934709,Twister ,1996,Action|Adventure|Romance|Thriller,0,0,0,0,0,0,0,1,1,0,0,0,0,0,0,0,1,0,0,1
745,4.193548387,62,3.981611388,Wallace & Gromit: A Close Shave ,1995,Animation|Children|Comedy,0,0,1,0,0,0,0,0,0,0,1,0,0,0,1,0,0,0,0,0
750,4.20952381,105,4.061542575,Dr. Strangelove or: How I Learned to Stop Worrying and Love the Bomb ,1964,Comedy|War,0,0,0,0,0,0,0,0,0,0,1,0,0,0,0,0,0,1,0,0
762,2.461538462,39,2.932003589,Striptease ,1996,Comedy|Crime,0,0,0,0,1,0,0,0,0,0,1,0,0,0,0,0,0,0,0,0
778,4.141129032,124,4.024728881,Trainspotting ,1996,Comedy|Crime|Drama,0,0,0,0,1,0,0,0,0,0,1,0,0,1,0,0,0,0,0,0
780,3.483944954,218,3.491162289,Independence Day ,1996,Action|Adventure|Sci-Fi|Thriller,0,0,0,0,0,0,0,1,0,0,0,0,0,0,0,0,1,0,1,1
783,3.357142857,49,3.427952502,"Hunchback of Notre Dame ",1996,Animation|Children|Drama|Musical|Romance,0,1,1,0,0,0,0,0,1,0,0,0,0,1,1,0,0,0,0,0
784,2.550847458,59,2.885485929,"Cable Guy ",1996,Comedy|Thriller,0,0,0,0,0,0,0,0,0,0,1,0,0,0,0,0,0,0,0,1
785,3.333333333,60,3.403424974,Kingpin ,1996,Comedy,0,0,0,0,0,0,0,0,0,0,1,0,0,0,0,0,0,0,0,0
786,3.108695652,69,3.24048735,Eraser ,1996,Action|Drama|Thriller,0,0,0,0,0,0,0,0,0,0,0,0,0,1,0,0,1,0,0,1
788,3.080882353,68,3.222533139,"Nutty Professor ",1996,Comedy|Fantasy|Romance|Sci-Fi,0,0,0,0,0,1,0,0,1,0,1,0,0,0,0,0,0,0,1,0
800,4.071428571,35,3.827819195,Lone Star ,1996,Drama|Mystery|Western,0,0,0,0,0,0,0,0,0,1,0,1,0,1,0,0,0,0,0,0
802,3.326388889,72,3.390276938,Phenomenon ,1996,Drama|Romance,0,0,0,0,0,0,0,0,1,0,0,0,0,1,0,0,0,0,0,0
805,3.765306122,49,3.681117059,"Time to Kill, A ",1996,Drama|Thriller,0,0,0,0,0,0,0,0,0,0,0,0,0,1,0,0,0,0,0,1
832,3.565789474,76,3.55951177,Ransom ,1996,Crime|Thriller,0,0,0,0,1,0,0,0,0,0,0,0,0,0,0,0,0,0,0,1
838,3.817073171,41,3.701524615,Emma ,1996,Comedy|Drama|Romance,0,0,0,0,0,0,0,0,1,0,1,0,0,1,0,0,0,0,0,0
852,3.259615385,52,3.363515215,Tin Cup ,1996,Comedy|Drama|Romance,0,0,0,0,0,0,0,0,1,0,1,0,0,1,0,0,0,0,0,0
858,4.4875,200,4.364383686,"Godfather ",1972,Crime|Drama,0,0,0,0,1,0,0,0,0,0,0,0,0,1,0,0,0,0,0,0
898,4.351351351,37,3.989675338,"Philadelphia Story ",1940,Comedy|Drama|Romance,0,0,0,0,0,0,0,0,1,0,1,0,0,1,0,0,0,0,0,0
899,4.1953125,64,3.987321784,Singin' in the Rain ,1952,Comedy|Musical|Romance,0,1,0,0,0,0,0,0,1,0,1,0,0,0,0,0,0,0,0,0
902,3.590909091,44,3.571733077,Breakfast at Tiffany's ,1961,Drama|Romance,0,0,0,0,0,0,0,0,1,0,0,0,0,1,0,0,0,0,0,0
903,4.224637681,69,4.018265128,Vertigo ,1958,Drama|Mystery|Romance|Thriller,0,0,0,0,0,0,0,0,1,0,0,1,0,1,0,0,0,0,0,1
904,4.315217391,92,4.12547744,Rear Window ,1954,Mystery|Thriller,0,0,0,0,0,0,0,0,0,0,0,1,0,0,0,0,0,0,0,1
908,4.270114943,87,4.083831177,North by Northwest ,1959,Action|Adventure|Mystery|Romance|Thriller,0,0,0,0,0,0,0,1,1,0,0,1,0,0,0,0,1,0,0,1
909,3.803030303,33,3.679495995,"Apartment ",1960,Comedy|Drama|Romance,0,0,0,0,0,0,0,0,1,0,1,0,0,1,0,0,0,0,0,0
910,3.946969697,66,3.820919247,Some Like It Hot ,1959,Comedy|Crime,0,0,0,0,1,0,0,0,0,0,1,0,0,0,0,0,0,0,0,0
912,4.235042735,117,4.093933658,Casablanca ,1942,Drama|Romance,0,0,0,0,0,0,0,0,1,0,0,0,0,1,0,0,0,0,0,0
913,4.387096774,62,4.11204617,"Maltese Falcon ",1941,Film-Noir|Mystery,0,0,0,0,0,0,0,0,0,0,0,1,0,0,0,1,0,0,0,0
914,3.647058824,51,3.608743798,My Fair Lady ,1964,Comedy|Drama|Musical|Romance,0,1,0,0,0,0,0,0,1,0,1,0,0,1,0,0,0,0,0,0
919,3.957264957,117,3.872845222,"Wizard of Oz ",1939,Adventure|Children|Fantasy|Musical,0,1,0,0,0,1,0,1,0,0,0,0,0,0,1,0,0,0,0,0
920,4.044117647,68,3.890900486,Gone with the Wind ,1939,Drama|Romance|War,0,0,0,0,0,0,0,0,1,0,0,0,0,1,0,0,0,1,0,0
922,4.294871795,39,3.968235473,Sunset Blvd. ,a.k.a. Sunset Boulevard,Drama|Film-Noir|Romance,0,0,0,0,0,0,0,0,1,0,0,0,0,1,0,1,0,0,0,0
923,4.2,85,4.028767371,Citizen Kane ,1941,Drama|Mystery,0,0,0,0,0,0,0,0,0,0,0,1,0,1,0,0,0,0,0,0
924,3.886178862,123,3.819008155,2001: A Space Odyssey ,1968,Adventure|Drama|Sci-Fi,0,0,0,0,0,0,0,1,0,0,0,0,0,1,0,0,0,0,1,0
926,4.434210526,38,4.04129776,All About Eve ,1950,Drama,0,0,0,0,0,0,0,0,0,0,0,0,0,1,0,0,0,0,0,0
953,4.152777778,72,3.973610271,It's a Wonderful Life ,1946,Children|Drama|Fantasy|Romance,0,0,0,0,0,1,0,0,1,0,0,0,0,1,1,0,0,0,0,0
954,4.225806452,31,3.890299142,Mr. Smith Goes to Washington ,1939,Drama,0,0,0,0,0,0,0,0,0,0,0,0,0,1,0,0,0,0,0,0
969,4.42,50,4.091353096,"African Queen ",1951,Adventure|Comedy|Romance|War,0,0,0,0,0,0,0,1,1,0,1,0,0,0,0,0,0,1,0,0
1019,3.662162162,37,3.609078323,"20,000 Leagues Under the Sea ",1954,Adventure|Drama|Sci-Fi,0,0,0,0,0,0,0,1,0,0,0,0,0,1,0,0,0,0,1,0
1022,3.563636364,55,3.55656762,Cinderella ,1950,Animation|Children|Fantasy|Musical|Romance,0,1,1,0,0,1,0,0,1,0,0,0,0,0,1,0,0,0,0,0
1027,3.113636364,44,3.287949293,Robin Hood: Prince of Thieves ,1991,Adventure|Drama,0,0,0,0,0,0,0,1,0,0,0,0,0,1,0,0,0,0,0,0
1028,3.814102564,78,3.738965256,Mary Poppins ,1964,Children|Comedy|Fantasy|Musical,0,1,0,0,0,1,0,0,0,0,1,0,0,0,1,0,0,0,0,0
1029,3.702380952,42,3.636225662,Dumbo ,1941,Animation|Children|Drama|Musical,0,1,1,0,0,0,0,0,0,0,0,0,0,1,1,0,0,0,0,0
1032,3.612244898,49,3.58618035,Alice in Wonderland ,1951,Adventure|Animation|Children|Fantasy|Musical,0,1,1,0,0,1,0,1,0,0,0,0,0,0,1,0,0,0,0,0
1035,3.94375,80,3.834620433,"Sound of Music ",1965,Musical|Romance,0,1,0,0,0,0,0,0,1,0,0,0,0,0,0,0,0,0,0,0
1036,3.864238411,151,3.811095291,Die Hard ,1988,Action|Crime|Thriller,0,0,0,0,1,0,0,0,0,0,0,0,0,0,0,0,1,0,0,1
1042,3.489795918,49,3.510230983,That Thing You Do! ,1996,Comedy|Drama,0,0,0,0,0,0,0,0,0,0,1,0,0,1,0,0,0,0,0,0
1059,3.525862069,58,3.531911905,William Shakespeare's Romeo + Juliet ,1996,Drama|Romance,0,0,0,0,0,0,0,0,1,0,0,0,0,1,0,0,0,0,0,0
1060,4.226190476,42,3.941781218,Swingers ,1996,Comedy|Drama,0,0,0,0,0,0,0,0,0,0,1,0,0,1,0,0,0,0,0,0
1061,3.545454545,33,3.54457536,Sleepers ,1996,Thriller,0,0,0,0,0,0,0,0,0,0,0,0,0,0,0,0,0,0,0,1
1073,3.753378378,148,3.718023863,Willy Wonka & the Chocolate Factory ,1971,Children|Comedy|Fantasy|Musical,0,1,0,0,0,1,0,0,0,0,1,0,0,0,1,0,0,0,0,0
1077,4.051282051,39,3.830554314,Sleeper ,1973,Comedy|Sci-Fi,0,0,0,0,0,0,0,0,0,0,1,0,0,0,0,0,0,0,1,0
1079,3.971910112,89,3.863934854,"Fish Called Wanda, A ",1988,Comedy|Crime,0,0,0,0,1,0,0,0,0,0,1,0,0,0,0,0,0,0,0,0
1080,3.857142857,91,3.779407006,Monty Python's Life of Brian ,1979,Comedy,0,0,0,0,0,0,0,0,0,0,1,0,0,0,0,0,0,0,0,0
1084,3.875,56,3.759398229,Bonnie and Clyde ,1967,Crime|Drama,0,0,0,0,1,0,0,0,0,0,0,0,0,1,0,0,0,0,0,0
1088,3.358490566,53,3.425400574,Dirty Dancing ,1987,Drama|Musical|Romance,0,1,0,0,0,0,0,0,1,0,0,0,0,1,0,0,0,0,0,0
1089,4.162878788,132,4.04819906,Reservoir Dogs ,1992,Crime|Mystery|Thriller,0,0,0,0,1,0,0,0,0,0,0,1,0,0,0,0,0,0,0,1
1090,3.933823529,68,3.814369874,Platoon ,1986,Drama|War,0,0,0,0,0,0,0,0,0,0,0,0,0,1,0,0,0,1,0,0
1092,3.294642857,56,3.381491252,Basic Instinct ,1992,Crime|Mystery|Thriller,0,0,0,0,1,0,0,0,0,0,0,1,0,0,0,0,0,0,0,1
1093,3.111111111,36,3.307700722,"Doors ",1991,Drama,0,0,0,0,0,0,0,0,0,0,0,0,0,1,0,0,0,0,0,0
1094,3.92,50,3.778853096,"Crying Game ",1992,Drama|Romance|Thriller,0,0,0,0,0,0,0,0,1,0,0,0,0,1,0,0,0,0,0,1
1097,3.76875,160,3.733201304,E.T. the Extra-Terrestrial ,1982,Children|Drama|Sci-Fi,0,0,0,0,0,0,0,0,0,0,0,0,0,1,1,0,0,0,1,0
1101,3.324324324,74,3.387579305,Top Gun ,1986,Action|Romance,0,0,0,0,0,0,0,0,1,0,0,0,0,0,0,0,1,0,0,0
1103,3.9375,40,3.768689252,Rebel Without a Cause ,1955,Drama,0,0,0,0,0,0,0,0,0,0,0,0,0,1,0,0,0,0,0,0
1104,3.9125,40,3.754403538,"Streetcar Named Desire, A ",1951,Drama,0,0,0,0,0,0,0,0,0,0,0,0,0,1,0,0,0,0,0,0
1120,3.621212121,33,3.5842579,"People vs. Larry Flynt ",1996,Comedy|Drama,0,0,0,0,0,0,0,0,0,0,1,0,0,1,0,0,0,0,0,0
1127,3.612676056,71,3.592160868,"Abyss ",1989,Action|Adventure|Sci-Fi|Thriller,0,0,0,0,0,0,0,1,0,0,0,0,0,0,0,0,1,0,1,1
1129,3.3125,48,3.401387791,Escape from New York ,1981,Action|Adventure|Sci-Fi|Thriller,0,0,0,0,0,0,0,1,0,0,0,0,0,0,0,0,1,0,1,1
1136,4.224137931,145,4.107475701,Monty Python and the Holy Grail ,1975,Adventure|Comedy|Fantasy,0,0,0,0,0,1,0,1,0,0,1,0,0,0,0,0,0,0,0,0
1148,4.093333333,75,3.936269025,Wallace & Gromit: The Wrong Trousers ,1993,Animation|Children|Comedy|Crime,0,0,1,0,1,0,0,0,0,0,1,0,0,0,1,0,0,0,0,0
1171,3.580645161,31,3.56243029,Bob Roberts ,1992,Comedy,0,0,0,0,0,0,0,0,0,0,1,0,0,0,0,0,0,0,0,0
1172,4.260869565,46,3.977740101,Cinema Paradiso ,Nuovo cinema Paradiso,Drama,0,0,0,0,0,0,0,0,0,0,0,0,0,1,0,0,0,0,0,0
1179,3.85,40,3.718689252,"Grifters ",1990,Crime|Drama|Film-Noir,0,0,0,0,1,0,0,0,0,0,0,0,0,1,0,1,0,0,0,0
1183,3.601351351,74,3.584694689,"English Patient ",1996,Drama|Romance|War,0,0,0,0,0,0,0,0,1,0,0,0,0,1,0,0,0,1,0,0
1188,3.397058824,34,3.46575387,Strictly Ballroom ,1992,Comedy|Romance,0,0,0,0,0,0,0,0,1,0,1,0,0,0,0,0,0,0,0,0
1193,4.256944444,144,4.133955446,One Flew Over the Cuckoo's Nest ,1975,Drama,0,0,0,0,0,0,0,0,0,0,0,0,0,1,0,0,0,0,0,0
1196,4.232905983,234,4.154576696,Star Wars: Episode V - The Empire Strikes Back ,1980,Action|Adventure|Sci-Fi,0,0,0,0,0,0,0,1,0,0,0,0,0,0,0,0,1,0,1,0
1197,4.208588957,163,4.105224081,"Princess Bride ",1987,Action|Adventure|Comedy|Fantasy|Romance,0,0,0,0,0,1,0,1,1,0,1,0,0,0,0,0,1,0,0,0
1198,4.193181818,220,4.115232991,Raiders of the Lost Ark ,Indiana Jones and the Raiders of the Lost Ark,Action|Adventure,0,0,0,0,0,0,0,1,0,0,0,0,0,0,0,0,1,0,0,0
1199,4.032258065,62,3.872915736,Brazil ,1985,Fantasy|Sci-Fi,0,0,0,0,0,1,0,0,0,0,0,0,0,0,0,0,0,0,1,0
1200,3.924,125,3.850375791,Aliens ,1986,Action|Adventure|Horror|Sci-Fi,1,0,0,0,0,0,0,1,0,0,0,0,0,0,0,0,1,0,1,0
1201,3.938596491,57,3.802393651,"Good Bad and the Ugly ","Buono, il brutto, il cattivo, Il",Action|Adventure|Western,0,0,0,0,0,0,0,1,0,1,0,0,0,0,0,0,1,0,0,0
1203,4.304054054,74,4.084694689,12 Angry Men ,1957,Drama,0,0,0,0,0,0,0,0,0,0,0,0,0,1,0,0,0,0,0,0
1204,4.215686275,51,3.96676849,Lawrence of Arabia ,1962,Adventure|Drama|War,0,0,0,0,0,0,0,1,0,0,0,0,0,1,0,0,0,1,0,0
1206,4,121,3.909326144,"Clockwork Orange, A ",1971,Crime|Drama|Sci-Fi|Thriller,0,0,0,0,1,0,0,0,0,0,0,0,0,1,0,0,0,0,1,1
1207,4.18125,80,4.007347706,To Kill a Mockingbird ,1962,Drama,0,0,0,0,0,0,0,0,0,0,0,0,0,1,0,0,0,0,0,0
1208,4.138392857,112,4.012734139,Apocalypse Now ,1979,Action|Drama|War,0,0,0,0,0,0,0,0,0,0,0,0,0,1,0,0,1,1,0,0
1210,4.059907834,217,3.997199383,Star Wars: Episode VI - Return of the Jedi ,1983,Action|Adventure|Sci-Fi,0,0,0,0,0,0,0,1,0,0,0,0,0,0,0,0,1,0,1,0
1212,4.25,38,3.938356583,"Third Man ",1949,Film-Noir|Mystery|Thriller,0,0,0,0,0,0,0,0,0,0,0,1,0,0,0,1,0,0,0,1
1213,4.202290076,131,4.079554333,Goodfellas ,1990,Crime|Drama,0,0,0,0,1,0,0,0,0,0,0,0,0,1,0,0,0,0,0,0
1214,3.988188976,127,3.903237246,Alien ,1979,Horror|Sci-Fi,1,0,0,0,0,0,0,0,0,0,0,0,0,0,0,0,0,0,1,0
1215,3.817307692,52,3.717173752,Army of Darkness ,1993,Action|Adventure|Comedy|Fantasy|Horror,1,0,0,0,0,1,0,1,0,0,1,0,0,0,0,0,1,0,0,0
1219,4.253246753,77,4.054282689,Psycho ,1960,Crime|Horror,1,0,0,0,1,0,0,0,0,0,0,0,0,0,0,0,0,0,0,0
1220,3.893617021,94,3.808937481,"Blues Brothers ",1980,Action|Comedy|Musical,0,1,0,0,0,0,0,0,0,0,1,0,0,0,0,0,1,0,0,0
1221,4.385185185,135,4.232171198,"Godfather: Part II ",1974,Crime|Drama,0,0,0,0,1,0,0,0,0,0,0,0,0,1,0,0,0,0,0,0
1222,4.033653846,104,3.923942147,Full Metal Jacket ,1987,Drama|War,0,0,0,0,0,0,0,0,0,0,0,0,0,1,0,0,0,1,0,0
1223,4.08974359,39,3.852293444,"Grand Day Out with Wallace and Gromit, A ",1989,Adventure|Animation|Children|Comedy|Sci-Fi,0,0,1,0,0,0,0,1,0,0,1,0,0,0,1,0,0,0,1,0
1225,4.155,100,4.013909597,Amadeus ,1984,Drama,0,0,0,0,0,0,0,0,0,0,0,0,0,1,0,0,0,0,0,0
1228,4.35,50,4.047603096,Raging Bull ,1980,Drama,0,0,0,0,0,0,0,0,0,0,0,0,0,1,0,0,0,0,0,0
1230,4.09375,80,3.943711342,Annie Hall ,1977,Comedy|Romance,0,0,0,0,0,0,0,0,1,0,1,0,0,0,0,0,0,0,0,0
1231,3.911111111,45,3.764109969,"Right Stuff ",1983,Drama,0,0,0,0,0,0,0,0,0,0,0,0,0,1,0,0,0,0,0,0
1233,4.166666667,51,3.935904292,"Boot, Das ","Boat",Action|Drama|War,0,0,0,0,0,0,0,0,0,0,0,0,0,1,0,0,1,1,0,0
1234,4.015873016,63,3.863529545,"Sting ",1973,Comedy|Crime,0,0,0,0,1,0,0,0,0,0,1,0,0,0,0,0,0,0,0,0
1235,3.784090909,44,3.686597941,Harold and Maude ,1971,Comedy|Drama|Romance,0,0,0,0,0,0,0,0,1,0,1,0,0,1,0,0,0,0,0,0
1240,3.958860759,158,3.892597062,"Terminator ",1984,Action|Sci-Fi|Thriller,0,0,0,0,0,0,0,0,0,0,0,0,0,0,0,0,1,0,1,1
1242,3.836206897,58,3.73645736,Glory ,1989,Drama|War,0,0,0,0,0,0,0,0,0,0,0,0,0,1,0,0,0,1,0,0
1244,3.962962963,54,3.813193425,Manhattan ,1979,Comedy|Drama|Romance,0,0,0,0,0,0,0,0,1,0,1,0,0,1,0,0,0,0,0,0
1246,3.784210526,95,3.726465981,Dead Poets Society ,1989,Drama,0,0,0,0,0,0,0,0,0,0,0,0,0,1,0,0,0,0,0,0
1247,4.123595506,89,3.977380233,"Graduate ",1967,Comedy|Drama|Romance,0,0,0,0,0,0,0,0,1,0,1,0,0,1,0,0,0,0,0,0
1249,3.91025641,39,3.750844169,"Femme Nikita, La ",Nikita,Action|Crime|Romance|Thriller,0,0,0,0,1,0,0,0,1,0,0,0,0,0,0,0,1,0,0,1
1250,4.138461538,65,3.950613133,"Bridge on the River Kwai ",1957,Adventure|Drama|War,0,0,0,0,0,0,0,1,0,0,0,0,0,1,0,0,0,1,0,0
1252,4.335526316,76,4.111398563,Chinatown ,1974,Crime|Film-Noir|Mystery|Thriller,0,0,0,0,1,0,0,0,0,0,0,1,0,0,0,1,0,0,0,1
1256,4.132352941,34,3.85637887,Duck Soup ,1933,Comedy|Musical|War,0,1,0,0,0,0,0,0,0,0,1,0,0,0,0,0,0,1,0,0
1258,4.02970297,101,3.91838357,"Shining ",1980,Horror,1,0,0,0,0,0,0,0,0,0,0,0,0,0,0,0,0,0,0,0
1259,4.09375,112,3.977522871,Stand by Me ,1986,Adventure|Drama,0,0,0,0,0,0,0,1,0,0,0,0,0,1,0,0,0,0,0,0
1261,3.787878788,33,3.671559487,Evil Dead II ,Dead by Dawn,Action|Comedy|Fantasy|Horror,1,0,0,0,0,1,0,0,0,0,1,0,0,0,0,0,1,0,0,0
1262,3.948979592,49,3.79504111,"Great Escape ",1963,Action|Adventure|Drama|War,0,0,0,0,0,0,0,1,0,0,0,0,0,1,0,0,1,1,0,0
1263,3.864583333,48,3.74113138,"Deer Hunter ",1978,Drama|War,0,0,0,0,0,0,0,0,0,0,0,0,0,1,0,0,0,1,0,0
1265,3.839393939,165,3.79388845,Groundhog Day ,1993,Comedy|Fantasy|Romance,0,0,0,0,0,1,0,0,1,0,1,0,0,0,0,0,0,0,0,0
1266,3.885964912,57,3.767910893,Unforgiven ,1992,Drama|Western,0,0,0,0,0,0,0,0,0,1,0,0,0,1,0,0,0,0,0,0
1267,4.12244898,49,3.902636046,"Manchurian Candidate ",1962,Crime|Thriller|War,0,0,0,0,1,0,0,0,0,0,0,0,0,0,0,0,0,1,0,1
1269,3.945945946,37,3.765794741,Arsenic and Old Lace ,1944,Comedy|Mystery|Thriller,0,0,0,0,0,0,0,0,0,0,1,1,0,0,0,0,0,0,0,1
1270,4.015486726,226,3.960188467,Back to the Future ,1985,Adventure|Comedy|Sci-Fi,0,0,0,0,0,0,0,1,0,0,1,0,0,0,0,0,0,0,1,0
1271,3.7,40,3.632974967,Fried Green Tomatoes ,1991,Comedy|Crime|Drama,0,0,0,0,1,0,0,0,0,0,1,0,0,1,0,0,0,0,0,0
1272,4.1,40,3.861546395,Patton ,1970,Drama|War,0,0,0,0,0,0,0,0,0,0,0,0,0,1,0,0,0,1,0,0
1274,3.838235294,34,3.70012887,Akira ,1988,Action|Adventure|Animation|Sci-Fi,0,0,1,0,0,0,0,1,0,0,0,0,0,0,0,0,1,0,1,0
1275,3.428571429,49,3.4722563,Highlander ,1986,Action|Adventure|Fantasy,0,0,0,0,0,1,0,1,0,0,0,0,0,0,0,0,1,0,0,0
1276,4.27173913,46,3.984319048,Cool Hand Luke ,1967,Drama,0,0,0,0,0,0,0,0,0,0,0,0,0,1,0,0,0,0,0,0
1278,4.087837838,74,3.930848535,Young Frankenstein ,1974,Comedy|Fantasy,0,0,0,0,0,1,0,0,0,0,1,0,0,0,0,0,0,0,0,0
1282,3.7578125,64,3.689449443,Fantasia ,1940,Animation|Children|Fantasy|Musical,0,1,1,0,0,1,0,0,0,0,0,0,0,0,1,0,0,0,0,0
1284,3.984375,32,3.771100769,"Big Sleep ",1946,Crime|Film-Noir|Mystery,0,0,0,0,1,0,0,0,0,0,0,1,0,0,0,1,0,0,0,0
1285,3.803278689,61,3.717673051,Heathers ,1989,Comedy,0,0,0,0,0,0,0,0,0,0,1,0,0,0,0,0,0,0,0,0
1287,3.891304348,46,3.75405589,Ben-Hur ,1959,Action|Adventure|Drama,0,0,0,0,0,0,0,1,0,0,0,0,0,1,0,0,1,0,0,0
1288,4.085365854,82,3.940252211,This Is Spinal Tap ,1984,Comedy,0,0,0,0,0,0,0,0,0,0,1,0,0,0,0,0,0,0,0,0
1291,4.017006803,147,3.936769761,Indiana Jones and the Last Crusade ,1989,Action|Adventure,0,0,0,0,0,0,0,1,0,0,0,0,0,0,0,0,1,0,0,0
1293,3.97826087,46,3.806687469,Gandhi ,1982,Drama,0,0,0,0,0,0,0,0,0,0,0,0,0,1,0,0,0,0,0,0
1296,3.822580645,31,3.685381109,"Room with a View, A ",1986,Drama|Romance,0,0,0,0,0,0,0,0,1,0,0,0,0,1,0,0,0,0,0,0
1299,4.271428571,35,3.935511503,"Killing Fields ",1984,Drama|War,0,0,0,0,0,0,0,0,0,0,0,0,0,1,0,0,0,1,0,0
1302,3.574626866,67,3.565033481,Field of Dreams ,1989,Children|Drama|Fantasy,0,0,0,0,0,1,0,0,0,0,0,0,0,1,1,0,0,0,0,0
1304,4.173333333,75,3.993411883,Butch Cassidy and the Sundance Kid ,1969,Action|Western,0,0,0,0,0,0,0,0,0,1,0,0,0,0,0,0,1,0,0,0
1307,3.91954023,87,3.823147416,When Harry Met Sally... ,1989,Comedy|Romance,0,0,0,0,0,0,0,0,1,0,1,0,0,0,0,0,0,0,0,0
1320,3.181818182,55,3.309508796,Alien³ ,a.k.a. Alien 3,Action|Horror|Sci-Fi|Thriller,1,0,0,0,0,0,0,0,0,0,0,0,0,0,0,0,1,0,1,1
1321,3.631578947,38,3.592768348,"American Werewolf in London, An ",1981,Comedy|Horror|Thriller,1,0,0,0,0,0,0,0,0,0,1,0,0,0,0,0,0,0,0,1
1333,3.754901961,51,3.676645033,"Birds ",1963,Horror|Thriller,1,0,0,0,0,0,0,0,0,0,0,0,0,0,0,0,0,0,0,1
1339,3.298076923,52,3.387905459,Dracula ,Bram Stoker's Dracula,Fantasy|Horror|Romance|Thriller,1,0,0,0,0,1,0,0,1,0,0,0,0,0,0,0,0,0,0,1
1343,3.743589744,39,3.656641271,Cape Fear ,1991,Thriller,0,0,0,0,0,0,0,0,0,0,0,0,0,0,0,0,0,0,0,1
1345,3.675675676,37,3.61654101,Carrie ,1976,Drama|Fantasy|Horror|Thriller,1,0,0,0,0,1,0,0,0,0,0,0,0,1,0,0,0,0,0,1
1347,3.28125,32,3.408197543,"Nightmare on Elm Street, A ",1984,Horror|Thriller,1,0,0,0,0,0,0,0,0,0,0,0,0,0,0,0,0,0,0,1
1356,3.87804878,82,3.788466497,Star Trek: First Contact ,1996,Action|Adventure|Sci-Fi|Thriller,0,0,0,0,0,0,0,1,0,0,0,0,0,0,0,0,1,0,1,1
1357,3.945945946,37,3.765794741,Shine ,1996,Drama|Romance,0,0,0,0,0,0,0,0,1,0,0,0,0,1,0,0,0,0,0,0
1358,3.886363636,66,3.77925258,Sling Blade ,1996,Drama,0,0,0,0,0,0,0,0,0,0,0,0,0,1,0,0,0,0,0,0
1367,2.959459459,37,3.221018622,101 Dalmatians ,1996,Adventure|Children|Comedy,0,0,0,0,0,0,0,1,0,0,1,0,0,0,1,0,0,0,0,0
1370,3.287878788,66,3.367794247,Die Hard 2 ,1990,Action|Adventure|Thriller,0,0,0,0,0,0,0,1,0,0,0,0,0,0,0,0,1,0,0,1
1371,3.053191489,47,3.244262957,Star Trek: The Motion Picture ,1979,Adventure|Sci-Fi,0,0,0,0,0,0,0,1,0,0,0,0,0,0,0,0,0,0,1,0
1372,3.265957447,47,3.374133087,Star Trek VI: The Undiscovered Country ,1991,Action|Mystery|Sci-Fi,0,0,0,0,0,0,0,0,0,0,0,1,0,0,0,0,1,0,1,0
1374,3.75,72,3.689296546,Star Trek II: The Wrath of Khan ,1982,Action|Adventure|Sci-Fi|Thriller,0,0,0,0,0,0,0,1,0,0,0,0,0,0,0,0,1,0,1,1
1375,3.314814815,54,3.396526758,Star Trek III: The Search for Spock ,1984,Action|Adventure|Sci-Fi,0,0,0,0,0,0,0,1,0,0,0,0,0,0,0,0,1,0,1,0
1376,3.5,65,3.513771028,Star Trek IV: The Voyage Home ,1986,Adventure|Comedy|Sci-Fi,0,0,0,0,0,0,0,1,0,0,1,0,0,0,0,0,0,0,1,0
1377,3.0859375,64,3.232002635,Batman Returns ,1992,Action|Crime,0,0,0,0,1,0,0,0,0,0,0,0,0,0,0,0,1,0,0,0
1380,3.477777778,90,3.494235397,Grease ,1978,Comedy|Musical|Romance,0,1,0,0,0,0,0,0,1,0,1,0,0,0,0,0,0,0,0,0
1387,3.777777778,108,3.72687136,Jaws ,1975,Action|Horror,1,0,0,0,0,0,0,0,0,0,0,0,0,0,0,0,1,0,0,0
1391,2.99375,80,3.143711342,Mars Attacks! ,1996,Action|Comedy|Sci-Fi,0,0,0,0,0,0,0,0,0,0,1,0,0,0,0,0,1,0,1,0
1393,3.698113208,106,3.664031233,Jerry Maguire ,1996,Drama|Romance,0,0,0,0,0,0,0,0,1,0,0,0,0,1,0,0,0,0,0,0
1394,3.95,70,3.828082477,Raising Arizona ,1987,Comedy,0,0,0,0,0,0,0,0,0,0,1,0,0,0,0,0,0,0,0,0
1396,3.617647059,51,3.59022528,Sneakers ,1992,Action|Comedy|Crime|Drama|Sci-Fi,0,0,0,0,1,0,0,0,0,0,1,0,0,1,0,0,1,0,1,0
1405,3.032608696,46,3.234319048,Beavis and Butt-Head Do America ,1996,Adventure|Animation|Comedy|Crime,0,0,1,0,1,0,0,1,0,0,1,0,0,0,0,0,0,0,0,0
1407,3.410958904,73,3.449594638,Scream ,1996,Comedy|Horror|Mystery|Thriller,1,0,0,0,0,0,0,0,0,0,1,1,0,0,0,0,0,0,0,1
1408,3.61627907,43,3.586414352,"Last of the Mohicans ",1992,Action|Romance|War|Western,0,0,0,0,0,0,0,0,1,1,0,0,0,0,0,0,1,1,0,0
1409,2.984848485,33,3.250924566,Michael ,1996,Comedy|Drama|Fantasy|Romance,0,0,0,0,0,1,0,0,1,0,1,0,0,1,0,0,0,0,0,0
1466,3.884615385,39,3.736351416,Donnie Brasco ,1997,Crime|Drama,0,0,0,0,1,0,0,0,0,0,0,0,0,1,0,0,0,0,0,0
1479,3.071428571,35,3.289357656,"Saint ",1997,Action|Romance|Sci-Fi|Thriller,0,0,0,0,0,0,0,0,1,0,0,0,0,0,0,0,1,0,1,1
1485,3.190140845,71,3.295131165,Liar Liar ,1997,Comedy,0,0,0,0,0,0,0,0,0,0,1,0,0,0,0,0,0,0,0,0
1500,3.96875,64,3.833066465,Grosse Pointe Blank ,1997,Comedy|Crime|Romance,0,0,0,0,1,0,0,0,1,0,1,0,0,0,0,0,0,0,0,0
1513,3.255555556,45,3.370776636,Romy and Michele's High School Reunion ,1997,Comedy,0,0,0,0,0,0,0,0,0,0,1,0,0,0,0,0,0,0,0,0
1517,3.378504673,107,3.414658742,Austin Powers: International Man of Mystery ,1997,Action|Adventure|Comedy,0,0,0,0,0,0,0,1,0,0,1,0,0,0,0,0,1,0,0,0
1527,3.677966102,118,3.650731403,"Fifth Element ",1997,Action|Adventure|Comedy|Sci-Fi,0,0,0,0,0,0,0,1,0,0,1,0,0,0,0,0,1,0,1,0
1544,2.888059701,67,3.090806677,"Lost World: Jurassic Park ",1997,Action|Adventure|Sci-Fi|Thriller,0,0,0,0,0,0,0,1,0,0,0,0,0,0,0,0,1,0,1,1
1552,3.262711864,59,3.357396041,Con Air ,1997,Action|Adventure|Thriller,0,0,0,0,0,0,0,1,0,0,0,0,0,0,0,0,1,0,0,1
1562,2.14893617,47,2.692314905,Batman & Robin ,1997,Action|Adventure|Fantasy|Thriller,0,0,0,0,0,1,0,1,0,0,0,0,0,0,0,0,1,0,0,1
1566,3.5,32,3.521100769,Hercules ,1997,Adventure|Animation|Children|Comedy|Musical,0,1,1,0,0,0,0,1,0,0,1,0,0,0,1,0,0,0,0,0
1569,3.298076923,52,3.387905459,My Best Friend's Wedding ,1997,Comedy|Romance,0,0,0,0,0,0,0,0,1,0,1,0,0,0,0,0,0,0,0,0
1573,3.451807229,83,3.476179183,Face/Off ,1997,Action|Crime|Drama|Thriller,0,0,0,0,1,0,0,0,0,0,0,0,0,1,0,0,1,0,0,1
1580,3.663157895,190,3.646855671,Men in Black ,a.k.a. MIB,Action|Comedy|Sci-Fi,0,0,0,0,0,0,0,0,0,0,1,0,0,0,0,0,1,0,1,0
1584,3.72826087,92,3.682854489,Contact ,1997,Drama|Sci-Fi,0,0,0,0,0,0,0,0,0,0,0,0,0,1,0,0,0,0,1,0
1597,3.352272727,44,3.429841185,Conspiracy Theory ,1997,Drama|Mystery|Romance|Thriller,0,0,0,0,0,0,0,0,1,0,0,1,0,1,0,0,0,0,0,1
1608,3.264285714,70,3.348082477,Air Force One ,1997,Action|Thriller,0,0,0,0,0,0,0,0,0,0,0,0,0,0,0,0,1,0,0,1
1610,3.896907216,97,3.813450769,"Hunt for Red October ",1990,Action|Adventure|Thriller,0,0,0,0,0,0,0,1,0,0,0,0,0,0,0,0,1,0,0,1
1617,4.12,125,4.008440308,L.A. Confidential ,1997,Crime|Film-Noir|Mystery|Thriller,0,0,0,0,1,0,0,0,0,0,0,1,0,0,0,1,0,0,0,1
1625,3.921052632,76,3.814228752,"Game ",1997,Drama|Mystery|Thriller,0,0,0,0,0,0,0,0,0,0,0,1,0,1,0,0,0,0,0,1
1639,3.569230769,65,3.561139449,Chasing Amy ,1997,Comedy|Drama|Romance,0,0,0,0,0,0,0,0,1,0,1,0,0,1,0,0,0,0,0,0
1641,3.7734375,64,3.700087741,"Full Monty ",1997,Comedy|Drama,0,0,0,0,0,0,0,0,0,0,1,0,0,1,0,0,0,0,0,0
1645,3.458333333,60,3.486758307,The Devil's Advocate ,1997,Drama|Mystery|Thriller,0,0,0,0,0,0,0,0,0,0,0,1,0,1,0,0,0,0,0,1
1653,3.678571429,84,3.643054804,Gattaca ,1997,Drama|Sci-Fi|Thriller,0,0,0,0,0,0,0,0,0,0,0,0,0,1,0,0,0,0,1,1
1663,3.7,40,3.632974967,Stripes ,1981,Comedy|War,0,0,0,0,0,0,0,0,0,0,1,0,0,0,0,0,0,1,0,0
1673,3.919354839,62,3.796828779,Boogie Nights ,1997,Drama,0,0,0,0,0,0,0,0,0,0,0,0,0,1,0,0,0,0,0,0
1674,4.044642857,56,3.869863345,Witness ,1985,Drama|Romance|Thriller,0,0,0,0,0,0,0,0,1,0,0,0,0,1,0,0,0,0,0,1
1676,3.097222222,72,3.228512232,Starship Troopers ,1997,Action|Sci-Fi,0,0,0,0,0,0,0,0,0,0,0,0,0,0,0,0,1,0,1,0
1682,3.886861314,137,3.825199088,"Truman Show ",1998,Comedy|Drama|Sci-Fi,0,0,0,0,0,0,0,0,0,0,1,0,0,1,0,0,0,0,1,0
1690,3.033333333,45,3.237443302,Alien: Resurrection ,1997,Action|Horror|Sci-Fi,1,0,0,0,0,0,0,0,0,0,0,0,0,0,0,0,1,0,1,0
1704,4.140127389,157,4.044429132,Good Will Hunting ,1997,Drama|Romance,0,0,0,0,0,0,0,0,1,0,0,0,0,1,0,0,0,0,0,0
1717,3,32,3.263036253,Scream 2 ,1997,Comedy|Horror|Mystery|Thriller,1,0,0,0,0,0,0,0,0,0,1,1,0,0,0,0,0,0,0,1
1721,3.332317073,164,3.364990967,Titanic ,1997,Drama|Romance,0,0,0,0,0,0,0,0,1,0,0,0,0,1,0,0,0,0,0,0
1722,3.285714286,49,3.383648705,Tomorrow Never Dies ,1997,Action|Adventure|Thriller,0,0,0,0,0,0,0,1,0,0,0,0,0,0,0,0,1,0,0,1
1729,3.692982456,57,3.641474111,Jackie Brown ,1997,Crime|Drama|Thriller,0,0,0,0,1,0,0,0,0,0,0,0,0,1,0,0,0,0,0,1
1732,3.995833333,120,3.905388318,"Big Lebowski ",1998,Comedy|Crime,0,0,0,0,1,0,0,0,0,0,1,0,0,0,0,0,0,0,0,0
1747,3.457627119,59,3.486609524,Wag the Dog ,1997,Comedy,0,0,0,0,0,0,0,0,0,0,1,0,0,0,0,0,0,0,0,0
1748,3.676470588,51,3.627262317,Dark City ,1998,Adventure|Film-Noir|Sci-Fi|Thriller,0,0,0,0,0,0,0,1,0,0,0,0,0,0,0,1,0,0,1,1
1777,3.235714286,70,3.328082477,"Wedding Singer ",1998,Comedy|Romance,0,0,0,0,0,0,0,0,1,0,1,0,0,0,0,0,0,0,0,0
1784,3.722222222,99,3.68068409,As Good as It Gets ,1997,Comedy|Drama|Romance,0,0,0,0,0,0,0,0,1,0,1,0,0,1,0,0,0,0,0,0
1805,3.230769231,39,3.366786198,Wild Things ,1998,Crime|Drama|Mystery|Thriller,0,0,0,0,1,0,0,0,0,0,0,1,0,1,0,0,0,0,0,1
1876,3.145833333,48,3.298823688,Deep Impact ,1998,Drama|Sci-Fi|Thriller,0,0,0,0,0,0,0,0,0,0,0,0,0,1,0,0,0,0,1,1
1883,3.290322581,31,3.414889306,Bulworth ,1998,Comedy|Drama|Romance,0,0,0,0,0,0,0,0,1,0,1,0,0,1,0,0,0,0,0,0
1884,3.625,44,3.592003347,Fear and Loathing in Las Vegas ,1998,Adventure|Comedy|Drama,0,0,0,0,0,0,0,1,0,0,1,0,0,1,0,0,0,0,0,0
1907,3.607142857,42,3.580670107,Mulan ,1998,Adventure|Animation|Children|Comedy|Drama|Musical|Romance,0,1,1,0,0,0,0,1,1,0,1,0,0,1,1,0,0,0,0,0
1909,3.223404255,47,3.348159061,"X-Files: Fight the Future ",1998,Action|Crime|Mystery|Sci-Fi|Thriller,0,0,0,0,1,0,0,0,0,0,0,1,0,0,0,0,1,0,1,1
1917,3.044247788,113,3.149008725,Armageddon ,1998,Action|Romance|Sci-Fi|Thriller,0,0,0,0,0,0,0,0,1,0,0,0,0,0,0,0,1,0,1,1
1918,3.05952381,42,3.261225662,Lethal Weapon 4 ,1998,Action|Comedy|Crime|Thriller,0,0,0,0,1,0,0,0,0,0,1,0,0,0,0,0,1,0,0,1
1921,3.7375,40,3.654403538,Pi ,1998,Drama|Sci-Fi|Thriller,0,0,0,0,0,0,0,0,0,0,0,0,0,1,0,0,0,0,1,1
1923,3.552845528,123,3.551034298,There's Something About Mary ,1998,Comedy|Romance,0,0,0,0,0,0,0,0,1,0,1,0,0,0,0,0,0,0,0,0
1947,3.988888889,45,3.810776636,West Side Story ,1961,Drama|Musical|Romance,0,1,0,0,0,0,0,0,1,0,0,0,0,1,0,0,0,0,0,0
1952,4.064102564,39,3.837800691,Midnight Cowboy ,1969,Drama,0,0,0,0,0,0,0,0,0,0,0,0,0,1,0,0,0,0,0,0
1953,4.02173913,46,3.833003259,"French Connection ",1971,Action|Crime|Thriller,0,0,0,0,1,0,0,0,0,0,0,0,0,0,0,0,1,0,0,1
1954,3.789855072,69,3.715234825,Rocky ,1976,Drama,0,0,0,0,0,0,0,0,0,0,0,0,0,1,0,0,0,0,0,0
1955,3.838709677,31,3.693577831,Kramer vs. Kramer ,1979,Drama,0,0,0,0,0,0,0,0,0,0,0,0,0,1,0,0,0,0,0,0
1956,3.887096774,31,3.718167995,Ordinary People ,1980,Drama,0,0,0,0,0,0,0,0,0,0,0,0,0,1,0,0,0,0,0,0
1957,3.94047619,42,3.775114551,Chariots of Fire ,1981,Drama,0,0,0,0,0,0,0,0,0,0,0,0,0,1,0,0,0,0,0,0
1958,3.867647059,34,3.71575387,Terms of Endearment ,1983,Comedy|Drama,0,0,0,0,0,0,0,0,0,0,1,0,0,1,0,0,0,0,0,0
1960,4.032258065,31,3.791938486,"Last Emperor ",1987,Drama,0,0,0,0,0,0,0,0,0,0,0,0,0,1,0,0,0,0,0,0
1961,3.966386555,119,3.881263407,Rain Man ,1988,Drama,0,0,0,0,0,0,0,0,0,0,0,0,0,1,0,0,0,0,0,0
1962,3.625,40,3.590117824,Driving Miss Daisy ,1989,Drama,0,0,0,0,0,0,0,0,0,0,0,0,0,1,0,0,0,0,0,0
1965,3.6875,32,3.617874962,Repo Man ,1984,Comedy|Sci-Fi,0,0,0,0,0,0,0,0,0,0,1,0,0,0,0,0,0,0,1,0
1967,3.625,36,3.588003753,Labyrinth ,1986,Adventure|Fantasy|Musical,0,1,0,0,0,1,0,1,0,0,0,0,0,0,0,0,0,0,0,0
1968,3.982905983,117,3.893253386,"Breakfast Club ",1985,Comedy|Drama,0,0,0,0,0,0,0,0,0,0,1,0,0,1,0,0,0,0,0,0
1994,3.723684211,38,3.644238936,Poltergeist ,1982,Horror|Thriller,1,0,0,0,0,0,0,0,0,0,0,0,0,0,0,0,0,0,0,1
1997,3.7265625,64,3.668172848,"Exorcist ",1973,Horror|Mystery,1,0,0,0,0,0,0,0,0,0,0,1,0,0,0,0,0,0,0,0
2000,3.588888889,90,3.577568731,Lethal Weapon ,1987,Action|Comedy|Crime|Drama,0,0,0,0,1,0,0,0,0,0,1,0,0,1,0,0,1,0,0,0
2001,3.210526316,57,3.325382157,Lethal Weapon 2 ,1989,Action|Comedy|Crime|Drama,0,0,0,0,1,0,0,0,0,0,1,0,0,1,0,0,1,0,0,0
2002,2.974358974,39,3.221858662,Lethal Weapon 3 ,1992,Action|Comedy|Crime|Drama,0,0,0,0,1,0,0,0,0,0,1,0,0,1,0,0,1,0,0,0
2003,3.170212766,47,3.315691528,Gremlins ,1984,Comedy|Horror,1,0,0,0,0,0,0,0,0,0,1,0,0,0,0,0,0,0,0,0
2005,3.676470588,51,3.627262317,"Goonies ",1985,Action|Adventure|Children|Comedy|Fantasy,0,0,0,0,0,1,0,1,0,0,1,0,0,0,1,0,1,0,0,0
2006,3.427272727,55,3.468332326,"Mask of Zorro ",1998,Action|Comedy|Romance,0,0,0,0,0,0,0,0,1,0,1,0,0,0,0,0,1,0,0,0
2011,3.47979798,99,3.494637579,Back to the Future Part II ,1989,Adventure|Comedy|Sci-Fi,0,0,0,0,0,0,0,1,0,0,1,0,0,0,0,0,0,0,1,0
2012,3.265957447,94,3.33313103,Back to the Future Part III ,1990,Adventure|Comedy|Sci-Fi|Western,0,0,0,0,0,0,0,1,0,1,1,0,0,0,0,0,0,0,1,0
2018,3.455882353,34,3.49700387,Bambi ,1942,Animation|Children|Drama,0,0,1,0,0,0,0,0,0,0,0,0,0,1,1,0,0,0,0,0
2019,4.277777778,54,4.015574377,Seven Samurai ,Shichinin no samurai,Action|Adventure|Drama,0,0,0,0,0,0,0,1,0,0,0,0,0,1,0,0,1,0,0,0
2020,3.926470588,34,3.74700387,Dangerous Liaisons ,1988,Drama|Romance,0,0,0,0,0,0,0,0,1,0,0,0,0,1,0,0,0,0,0,0
2023,3.4,35,3.466280733,"Godfather: Part III ",1990,Crime|Drama|Mystery|Thriller,0,0,0,0,1,0,0,0,0,0,0,1,0,1,0,0,0,0,0,1
2028,3.945026178,191,3.890535057,Saving Private Ryan ,1998,Action|Drama|War,0,0,0,0,0,0,0,0,0,0,0,0,0,1,0,0,1,1,0,0
2054,2.743421053,76,2.969889129,"Honey, I Shrunk the Kids ",1989,Adventure|Children|Comedy|Fantasy|Sci-Fi,0,0,0,0,0,1,0,1,0,0,1,0,0,0,1,0,0,0,1,0
2058,3.621212121,33,3.5842579,"Negotiator ",1998,Action|Crime|Drama|Mystery|Thriller,0,0,0,0,1,0,0,0,0,0,0,1,0,1,0,0,1,0,0,1
2064,4.392857143,42,4.03900344,Roger & Me ,1989,Documentary,0,0,0,0,0,0,1,0,0,0,0,0,0,0,0,0,0,0,0,0
2076,4.036585366,41,3.828285178,Blue Velvet ,1986,Drama|Mystery|Thriller,0,0,0,0,0,0,0,0,0,0,0,1,0,1,0,0,0,0,0,1
2078,3.739130435,46,3.661950627,"Jungle Book ",1967,Animation|Children|Comedy|Musical,0,1,1,0,0,0,0,0,0,0,1,0,0,0,1,0,0,0,0,0
2080,3.68627451,51,3.633435156,Lady and the Tramp ,1955,Animation|Children|Comedy|Romance,0,0,1,0,0,0,0,0,1,0,1,0,0,0,1,0,0,0,0,0
2081,3.679487179,78,3.641743034,"Little Mermaid ",1989,Animation|Children|Comedy|Musical|Romance,0,1,1,0,0,0,0,0,1,0,1,0,0,0,1,0,0,0,0,0
2085,3.37804878,41,3.448003488,101 Dalmatians ,One Hundred and One Dalmatians,Adventure|Animation|Children,0,0,1,0,0,0,0,1,0,0,0,0,0,0,1,0,0,0,0,0
2087,3.631578947,38,3.592768348,Peter Pan ,1953,Animation|Children|Fantasy|Musical,0,1,1,0,0,1,0,0,0,0,0,0,0,0,1,0,0,0,0,0
2094,3.265625,32,3.400133027,"Rocketeer ",1991,Action|Adventure|Sci-Fi,0,0,0,0,0,0,0,1,0,0,0,0,0,0,0,0,1,0,1,0
2096,3.7,35,3.627819195,Sleeping Beauty ,1959,Animation|Children|Musical,0,1,1,0,0,0,0,0,0,0,0,0,0,0,1,0,0,0,0,0
2100,3.163461538,52,3.302539606,Splash ,1984,Comedy|Fantasy|Romance,0,0,0,0,0,1,0,0,1,0,1,0,0,0,0,0,0,0,0,0
2105,3.478723404,47,3.504003216,Tron ,1982,Action|Adventure|Sci-Fi,0,0,0,0,0,0,0,1,0,0,0,0,0,0,0,0,1,0,1,0
2108,3.692307692,39,3.627655763,L.A. Story ,1991,Comedy|Romance,0,0,0,0,0,0,0,0,1,0,1,0,0,0,0,0,0,0,0,0
2109,3.696078431,51,3.639607996,"Jerk ",1979,Comedy,0,0,0,0,0,0,0,0,0,0,1,0,0,0,0,0,0,0,0,0
2115,3.765306122,98,3.713345685,Indiana Jones and the Temple of Doom ,1984,Action|Adventure|Fantasy,0,0,0,0,0,1,0,1,0,0,0,0,0,0,0,0,1,0,0,0
2124,3.285714286,35,3.404742272,"Addams Family ",1991,Children|Comedy|Fantasy,0,0,0,0,0,1,0,0,0,0,1,0,0,0,1,0,0,0,0,0
2134,3.138888889,36,3.322852237,Weird Science ,1985,Comedy|Fantasy|Sci-Fi,0,0,0,0,0,1,0,0,0,0,1,0,0,0,0,0,0,0,1,0
2144,3.826086957,46,3.714582206,Sixteen Candles ,1984,Comedy|Romance,0,0,0,0,0,0,0,0,1,0,1,0,0,0,0,0,0,0,0,0
2145,3.380952381,42,3.448725662,Pretty in Pink ,1986,Comedy|Drama|Romance,0,0,0,0,0,0,0,0,1,0,1,0,0,1,0,0,0,0,0,0
2150,3.513888889,36,3.527397692,"Gods Must Be Crazy ",1980,Adventure|Comedy,0,0,0,0,0,0,0,1,0,0,1,0,0,0,0,0,0,0,0,0
2160,3.736111111,36,3.648609813,Rosemary's Baby ,1968,Drama|Horror|Thriller,1,0,0,0,0,0,0,0,0,0,0,0,0,1,0,0,0,0,0,1
2161,3.302631579,38,3.408944819,"NeverEnding Story ",1984,Adventure|Children|Fantasy,0,0,0,0,0,1,0,1,0,0,0,0,0,0,1,0,0,0,0,0
2167,3.310344828,58,3.389866451,Blade ,1998,Action|Horror|Thriller,1,0,0,0,0,0,0,0,0,0,0,0,0,0,0,0,1,0,0,1
2174,3.4375,104,3.46125558,Beetlejuice ,1988,Comedy|Fantasy,0,0,0,0,0,1,0,0,0,0,1,0,0,0,0,0,0,0,0,0
2193,3.202380952,42,3.344558995,Willow ,1988,Action|Adventure|Fantasy,0,0,0,0,0,1,0,1,0,0,0,0,0,0,0,0,1,0,0,0
2194,3.91025641,78,3.808409701,"Untouchables ",1987,Action|Crime|Drama,0,0,0,0,1,0,0,0,0,0,0,0,0,1,0,0,1,0,0,0
2231,3.847222222,36,3.709215874,Rounders ,1998,Drama,0,0,0,0,0,0,0,0,0,0,0,0,0,1,0,0,0,0,0,0
2243,3.944444444,36,3.762246177,Broadcast News ,1987,Comedy|Drama|Romance,0,0,0,0,0,0,0,0,1,0,1,0,0,1,0,0,0,0,0,0
2248,3.936170213,47,3.783223996,Say Anything... ,1989,Comedy|Drama|Romance,0,0,0,0,0,0,0,0,1,0,1,0,0,1,0,0,0,0,0,0
2268,3.861842105,76,3.771775921,"Few Good Men, A ",1992,Crime|Drama|Thriller,0,0,0,0,1,0,0,0,0,0,0,0,0,1,0,0,0,0,0,1
2273,3.558139535,43,3.552167776,Rush Hour ,1998,Action|Comedy|Crime|Thriller,0,0,0,0,1,0,0,0,0,0,1,0,0,0,0,0,1,0,0,1
2278,3.5625,40,3.554403538,Ronin ,1998,Action|Crime|Thriller,0,0,0,0,1,0,0,0,0,0,0,0,0,0,0,0,1,0,0,1
2288,3.924242424,33,3.742988058,"Thing ",1982,Action|Horror|Sci-Fi|Thriller,1,0,0,0,0,0,0,0,0,0,0,0,0,0,0,0,1,0,1,1
2289,4.204545455,44,3.936597941,"Player ",1992,Comedy|Crime|Drama,0,0,0,0,1,0,0,0,0,0,1,0,0,1,0,0,0,0,0,0
2291,3.848314607,89,3.77149788,Edward Scissorhands ,1990,Drama|Fantasy|Romance,0,0,0,0,0,1,0,0,1,0,0,0,0,1,0,0,0,0,0,0
2294,3.273584906,53,3.371183707,Antz ,1998,Adventure|Animation|Children|Comedy|Fantasy,0,0,1,0,0,1,0,1,0,0,1,0,0,0,1,0,0,0,0,0
2300,4.212121212,33,3.893781709,"Producers ",1968,Comedy,0,0,0,0,0,0,0,0,0,0,1,0,0,0,0,0,0,0,0,0
2302,3.552631579,76,3.550077808,My Cousin Vinny ,1992,Comedy,0,0,0,0,0,0,0,0,0,0,1,0,0,0,0,0,0,0,0,0
2321,3.625,64,3.599023911,Pleasantville ,1998,Comedy|Drama|Fantasy,0,0,0,0,0,1,0,0,0,0,1,0,0,1,0,0,0,0,0,0
2324,4.025252525,99,3.91324223,Life Is Beautiful ,La Vita è bella,Comedy|Drama|Romance|War,0,0,0,0,0,0,0,0,1,0,1,0,0,1,0,0,0,1,0,0
2329,4.023364486,107,3.918308377,American History X ,1998,Crime|Drama,0,0,0,0,1,0,0,0,0,0,0,0,0,1,0,0,0,0,0,0
2336,3.729166667,48,3.657798047,Elizabeth ,1998,Drama,0,0,0,0,0,0,0,0,0,0,0,0,0,1,0,0,0,0,0,0
2352,3.777777778,36,3.671337086,"Big Chill ",1983,Comedy|Drama,0,0,0,0,0,0,0,0,0,0,1,0,0,1,0,0,0,0,0,0
2353,3.47761194,67,3.498023172,Enemy of the State ,1998,Action|Thriller,0,0,0,0,0,0,0,0,0,0,0,0,0,0,0,0,1,0,0,1
2355,3.60952381,105,3.594875909,"Bug's Life, A ",1998,Adventure|Animation|Children|Comedy,0,0,1,0,0,0,0,1,0,0,1,0,0,0,1,0,0,0,0,0
2369,2.971428571,35,3.235511503,Desperately Seeking Susan ,1985,Comedy|Drama|Romance,0,0,0,0,0,0,0,0,1,0,1,0,0,1,0,0,0,0,0,0
2391,3.758064516,31,3.652594224,"Simple Plan, A ",1998,Crime|Drama|Thriller,0,0,0,0,1,0,0,0,0,0,0,0,0,1,0,0,0,0,0,1
2394,3.514285714,35,3.527819195,"Prince of Egypt ",1998,Animation|Musical,0,1,1,0,0,0,0,0,0,0,0,0,0,0,0,0,0,0,0,0
2395,3.963235294,68,3.834778037,Rushmore ,1998,Comedy|Drama,0,0,0,0,0,0,0,0,0,0,1,0,0,1,0,0,0,0,0,0
2396,3.966942149,121,3.882836077,Shakespeare in Love ,1998,Comedy|Drama|Romance,0,0,0,0,0,0,0,0,1,0,1,0,0,1,0,0,0,0,0,0
2405,3.322580645,31,3.431282749,"Jewel of the Nile ",1985,Action|Adventure|Comedy|Romance,0,0,0,0,0,0,0,1,1,0,1,0,0,0,0,0,1,0,0,0
2406,3.584615385,65,3.571665765,Romancing the Stone ,1984,Action|Adventure|Comedy|Romance,0,0,0,0,0,0,0,1,1,0,1,0,0,0,0,0,1,0,0,0
2407,3.209302326,43,3.346688324,Cocoon ,1985,Comedy|Sci-Fi,0,0,0,0,0,0,0,0,0,0,1,0,0,0,0,0,0,0,1,0
2420,3.368421053,38,3.445709525,"Karate Kid ",1984,Drama,0,0,0,0,0,0,0,0,0,0,0,0,0,1,0,0,0,0,0,0
2424,3.241666667,60,3.342313863,You've Got Mail ,1998,Comedy|Romance,0,0,0,0,0,0,0,0,1,0,1,0,0,0,0,0,0,0,0,0
2427,3.347222222,36,3.436488601,"Thin Red Line ",1998,Action|Drama|War,0,0,0,0,0,0,0,0,0,0,0,0,0,1,0,0,1,1,0,0
2455,3.393617021,47,3.452055165,"Fly ",1986,Drama|Horror|Sci-Fi|Thriller,1,0,0,0,0,0,0,0,0,0,0,0,0,1,0,0,0,0,1,1
2470,3.233333333,60,3.336758307,Crocodile Dundee ,1986,Adventure|Comedy,0,0,0,0,0,0,0,1,0,0,1,0,0,0,0,0,0,0,0,0
2478,3.258064516,31,3.398495863,¡Three Amigos! ,1986,Comedy|Western,0,0,0,0,0,0,0,0,0,1,1,0,0,0,0,0,0,0,0,0
2490,3.5625,32,3.553358833,Payback ,1999,Action|Thriller,0,0,0,0,0,0,0,0,0,0,0,0,0,0,0,0,1,0,0,1
2501,4.1,35,3.84320381,October Sky ,1999,Drama,0,0,0,0,0,0,0,0,0,0,0,0,0,1,0,0,0,0,0,0
2502,3.91509434,106,3.83314888,Office Space ,1999,Comedy|Crime,0,0,0,0,1,0,0,0,0,0,1,0,0,0,0,0,0,0,0,0
2529,3.631578947,57,3.601244226,Planet of the Apes ,1968,Action|Drama|Sci-Fi,0,0,0,0,0,0,0,0,0,0,0,0,0,1,0,0,1,0,1,0
2539,3.245098039,51,3.355657379,Analyze This ,1999,Comedy,0,0,0,0,0,0,0,0,0,0,1,0,0,0,0,0,0,0,0,0
2541,3.12745098,51,3.281583305,Cruel Intentions ,1999,Drama,0,0,0,0,0,0,0,0,0,0,0,0,0,1,0,0,0,0,0,0
2542,4.128378378,74,3.959694689,"Lock, Stock & Two Smoking Barrels ",1998,Comedy|Crime|Thriller,0,0,0,0,1,0,0,0,0,0,1,0,0,0,0,0,0,0,0,1
2571,4.183397683,259,4.116983556,"Matrix ",1999,Action|Sci-Fi|Thriller,0,0,0,0,0,0,0,0,0,0,0,0,0,0,0,0,1,0,1,1
2572,3.473684211,57,3.49779595,10 Things I Hate About You ,1999,Comedy|Romance,0,0,0,0,0,0,0,0,1,0,1,0,0,0,0,0,0,0,0,0
2580,3.87,50,3.747603096,Go ,1999,Comedy|Crime,0,0,0,0,1,0,0,0,0,0,1,0,0,0,0,0,0,0,0,0
2581,3.042857143,35,3.273973041,Never Been Kissed ,1999,Comedy|Romance,0,0,0,0,0,0,0,0,1,0,1,0,0,0,0,0,0,0,0,0
2599,4.044303797,79,3.906497685,Election ,1999,Comedy,0,0,0,0,0,0,0,0,0,0,1,0,0,0,0,0,0,0,0,0
2605,3.146341463,41,3.314200671,Entrapment ,1999,Crime|Thriller,0,0,0,0,1,0,0,0,0,0,0,0,0,0,0,0,0,0,0,1
2617,3.284810127,79,3.356038969,"Mummy ",1999,Action|Adventure|Comedy|Fantasy|Horror|Thriller,1,0,0,0,0,1,0,1,0,0,1,0,0,0,0,0,1,0,0,1
2628,3.199275362,138,3.260763379,Star Wars: Episode I - The Phantom Menace ,1999,Action|Adventure|Sci-Fi,0,0,0,0,0,0,0,1,0,0,0,0,0,0,0,0,1,0,1,0
2640,3.433333333,75,3.464840454,Superman ,1978,Action|Adventure|Sci-Fi,0,0,0,0,0,0,0,1,0,0,0,0,0,0,0,0,1,0,1,0
2641,3.197368421,38,3.350121289,Superman II ,1980,Action|Sci-Fi,0,0,0,0,0,0,0,0,0,0,0,0,0,0,0,0,1,0,1,0
2657,3.174603175,63,3.293637072,"Rocky Horror Picture Show ",1975,Comedy|Horror|Musical|Sci-Fi,1,1,0,0,0,0,0,0,0,0,1,0,0,0,0,0,0,0,1,0
2671,3.3828125,64,3.434130294,Notting Hill ,1999,Comedy|Romance,0,0,0,0,0,0,0,0,1,0,1,0,0,0,0,0,0,0,0,0
2683,3.272321429,112,3.329635547,Austin Powers: The Spy Who Shagged Me ,1999,Action|Adventure|Comedy,0,0,0,0,0,0,0,1,0,0,1,0,0,0,0,0,1,0,0,0
2688,3.241935484,31,3.390299142,"General's Daughter ",1999,Crime|Drama|Mystery|Thriller,0,0,0,0,1,0,0,0,0,0,0,1,0,1,0,0,0,0,0,1
2692,4.2,80,4.02098407,Run Lola Run ,Lola rennt,Action|Crime,0,0,0,0,1,0,0,0,0,0,0,0,0,0,0,0,1,0,0,0
2699,2.911290323,62,3.117480953,Arachnophobia ,1990,Comedy|Horror,1,0,0,0,0,0,0,0,0,0,1,0,0,0,0,0,0,0,0,0
2700,3.5,75,3.512459502,"South Park: Bigger, Longer and Uncut ",1999,Animation|Comedy|Musical,0,1,1,0,0,0,0,0,0,0,1,0,0,0,0,0,0,0,0,0
2701,2.031914894,47,2.620886333,Wild Wild West ,1999,Action|Comedy|Sci-Fi|Western,0,0,0,0,0,0,0,0,0,1,1,0,0,0,0,0,1,0,1,0
2706,3.297297297,111,3.349703884,American Pie ,1999,Comedy|Romance,0,0,0,0,0,0,0,0,1,0,1,0,0,0,0,0,0,0,0,0
2707,3.513888889,36,3.527397692,Arlington Road ,1999,Thriller,0,0,0,0,0,0,0,0,0,0,0,0,0,0,0,0,0,0,0,1
2710,2.738372093,86,2.946622825,"Blair Witch Project ",1999,Drama|Horror|Thriller,1,0,0,0,0,0,0,0,0,0,0,0,0,1,0,0,0,0,0,1
2712,3.626984127,63,3.600088685,Eyes Wide Shut ,1999,Drama|Mystery|Thriller,0,0,0,0,0,0,0,0,0,0,0,1,0,1,0,0,0,0,0,1
2716,3.761904762,147,3.724905354,Ghostbusters ,a.k.a. Ghost Busters,Action|Comedy|Sci-Fi,0,0,0,0,0,0,0,0,0,0,1,0,0,0,0,0,1,0,1,0
2717,2.755813953,43,3.079565037,Ghostbusters II ,1989,Comedy|Fantasy|Sci-Fi,0,0,0,0,0,1,0,0,0,0,1,0,0,0,0,0,0,0,1,0
2722,2.573529412,34,3.02825387,Deep Blue Sea ,1999,Action|Horror|Sci-Fi|Thriller,1,0,0,0,0,0,0,0,0,0,0,0,0,0,0,0,1,0,1,1
2723,3.111111111,36,3.307700722,Mystery Men ,1999,Action|Comedy|Fantasy,0,0,0,0,0,1,0,0,0,0,1,0,0,0,0,0,1,0,0,0
2724,2.811111111,45,3.104109969,Runaway Bride ,1999,Comedy|Romance,0,0,0,0,0,0,0,0,1,0,1,0,0,0,0,0,0,0,0,0
2739,3.935483871,31,3.742758159,"Color Purple ",1985,Drama,0,0,0,0,0,0,0,0,0,0,0,0,0,1,0,0,0,0,0,0
2746,3.577777778,45,3.564109969,Little Shop of Horrors ,1986,Comedy|Horror|Musical,1,1,0,0,0,0,0,0,0,0,1,0,0,0,0,0,0,0,0,0
2761,3.773809524,42,3.677892329,"Iron Giant ",1999,Adventure|Animation|Children|Drama|Sci-Fi,0,0,1,0,0,0,0,1,0,0,0,0,0,1,1,0,0,0,1,0
2762,4.018134715,193,3.954297075,"Sixth Sense ",1999,Drama|Horror|Mystery,1,0,0,0,0,0,0,0,0,0,0,1,0,1,0,0,0,0,0,0
2763,3.397435897,39,3.460989097,"Thomas Crown Affair ",1999,Action|Mystery,0,0,0,0,0,0,0,0,0,0,0,1,0,0,0,0,1,0,0,0
2770,3.068627451,51,3.244546268,Bowfinger ,1999,Comedy,0,0,0,0,0,0,0,0,0,0,1,0,0,0,0,0,0,0,0,0
2791,3.820754717,106,3.759619468,Airplane! ,1980,Comedy,0,0,0,0,0,0,0,0,0,0,1,0,0,0,0,0,0,0,0,0
2797,3.831775701,107,3.768673341,Big ,1988,Comedy|Drama|Fantasy|Romance,0,0,0,0,0,1,0,0,1,0,1,0,0,1,0,0,0,0,0,0
2804,4.046666667,75,3.902935692,"Christmas Story, A ",1983,Children|Comedy,0,0,0,0,0,0,0,0,0,0,1,0,0,0,1,0,0,0,0,0
2858,4.236363636,220,4.153232991,American Beauty ,1999,Drama|Romance,0,0,0,0,0,0,0,0,1,0,0,0,0,1,0,0,0,0,0,0
2871,3.9375,32,3.74690722,Deliverance ,1972,Adventure|Drama|Thriller,0,0,0,0,0,0,0,1,0,0,0,0,0,1,0,0,0,0,0,1
2881,3.093023256,43,3.278195174,Double Jeopardy ,1999,Action|Crime|Drama|Thriller,0,0,0,0,1,0,0,0,0,0,0,0,0,1,0,0,1,0,0,1
2890,3.739130435,46,3.661950627,Three Kings ,1999,Action|Adventure|Comedy|Drama|War,0,0,0,0,0,0,0,1,0,0,1,0,0,1,0,0,1,1,0,0
2908,3.897727273,44,3.754165509,Boys Don't Cry ,1999,Drama,0,0,0,0,0,0,0,0,0,0,0,0,0,1,0,0,0,0,0,0
2915,3.345238095,42,3.427892329,Risky Business ,1983,Comedy,0,0,0,0,0,0,0,0,0,0,1,0,0,0,0,0,0,0,0,0
2916,3.5625,104,3.558270505,Total Recall ,1990,Action|Adventure|Sci-Fi|Thriller,0,0,0,0,0,0,0,1,0,0,0,0,0,0,0,0,1,0,1,1
2918,4.007518797,133,3.922136489,Ferris Bueller's Day Off ,1986,Comedy,0,0,0,0,0,0,0,0,0,0,1,0,0,0,0,0,0,0,0,0
2944,3.671428571,35,3.61243458,"Dirty Dozen ",1967,Action|Drama|War,0,0,0,0,0,0,0,0,0,0,0,0,0,1,0,0,1,1,0,0
2947,3.716981132,53,3.654316237,Goldfinger ,1964,Action|Adventure|Thriller,0,0,0,0,0,0,0,1,0,0,0,0,0,0,0,0,1,0,0,1
2948,3.640625,32,3.593681414,From Russia with Love ,1963,Action|Adventure|Thriller,0,0,0,0,0,0,0,1,0,0,0,0,0,0,0,0,1,0,0,1
2949,3.64516129,31,3.595217175,Dr. No ,1962,Action|Adventure|Thriller,0,0,0,0,0,0,0,1,0,0,0,0,0,0,0,0,1,0,0,1
2953,2.467741935,31,2.996856519,Home Alone 2: Lost in New York ,1992,Children|Comedy,0,0,0,0,0,0,0,0,0,0,1,0,0,0,1,0,0,0,0,0
2959,4.178217822,202,4.09615624,Fight Club ,1999,Action|Crime|Drama|Thriller,0,0,0,0,1,0,0,0,0,0,0,0,0,1,0,0,1,0,0,1
2968,3.569767442,43,3.559017091,Time Bandits ,1981,Adventure|Comedy|Fantasy|Sci-Fi,0,0,0,0,0,1,0,1,0,0,1,0,0,0,0,0,0,0,1,0
2985,3.594827586,58,3.577366451,RoboCop ,1987,Action|Crime|Drama|Sci-Fi|Thriller,0,0,0,0,1,0,0,0,0,0,0,0,0,1,0,0,1,0,1,1
2987,3.666666667,108,3.639914838,Who Framed Roger Rabbit? ,1988,Adventure|Animation|Children|Comedy|Crime|Fantasy|Mystery,0,0,1,0,1,1,0,1,0,0,1,1,0,0,1,0,0,0,0,0
2997,3.956349206,126,3.876975947,Being John Malkovich ,1999,Comedy|Drama|Fantasy,0,0,0,0,0,1,0,0,0,0,1,0,0,1,0,0,0,0,0,0
3000,4.131578947,38,3.872180113,Princess Mononoke ,Mononoke-hime,Action|Adventure|Animation|Drama|Fantasy,0,0,1,0,0,1,0,1,0,0,0,0,0,1,0,0,1,0,0,0
3006,3.866666667,45,3.737443302,"Insider ",1999,Drama|Thriller,0,0,0,0,0,0,0,0,0,0,0,0,0,1,0,0,0,0,0,1
3020,3.612903226,31,3.578823732,Falling Down ,1993,Action|Drama,0,0,0,0,0,0,0,0,0,0,0,0,0,1,0,0,1,0,0,0
3033,3.620689655,58,3.594411905,Spaceballs ,1987,Comedy|Sci-Fi,0,0,0,0,0,0,0,0,0,0,1,0,0,0,0,0,0,0,1,0
3039,3.625,48,3.593695483,Trading Places ,1983,Comedy,0,0,0,0,0,0,0,0,0,0,1,0,0,0,0,0,0,0,0,0
3052,3.32278481,79,3.383561905,Dogma ,1999,Adventure|Comedy|Fantasy,0,0,0,0,0,1,0,1,0,0,1,0,0,0,0,0,0,0,0,0
3072,3.662162162,37,3.609078323,Moonstruck ,1987,Comedy|Romance,0,0,0,0,0,0,0,0,1,0,1,0,0,0,0,0,0,0,0,0
3081,3.625,52,3.595222533,Sleepy Hollow ,1999,Fantasy|Horror|Mystery|Romance,1,0,0,0,0,1,0,0,1,0,0,1,0,0,0,0,0,0,0,0
3082,3.138888889,36,3.322852237,"World Is Not Enough ",1999,Action|Adventure|Thriller,0,0,0,0,0,0,0,1,0,0,0,0,0,0,0,0,1,0,0,1
3095,4.064516129,31,3.808331929,"Grapes of Wrath ",1940,Drama,0,0,0,0,0,0,0,0,0,0,0,0,0,1,0,0,0,0,0,0
3098,3.642857143,35,3.597049964,"Natural ",1984,Drama,0,0,0,0,0,0,0,0,0,0,0,0,0,1,0,0,0,0,0,0
3101,3.673469388,49,3.624155034,Fatal Attraction ,1987,Drama|Thriller,0,0,0,0,0,0,0,0,0,0,0,0,0,1,0,0,0,0,0,1
3107,3.359375,32,3.448520124,Backdraft ,1991,Action|Drama,0,0,0,0,0,0,0,0,0,0,0,0,0,1,0,0,1,0,0,0
3108,3.635135135,37,3.59415295,"Fisher King ",1991,Comedy|Drama|Fantasy|Romance,0,0,0,0,0,1,0,0,1,0,1,0,0,1,0,0,0,0,0,0
3114,3.844,125,3.785859662,Toy Story 2 ,1999,Adventure|Animation|Children|Comedy|Fantasy,0,0,1,0,0,1,0,1,0,0,1,0,0,0,1,0,0,0,0,0
3147,3.922330097,103,3.836904118,"Green Mile ",1999,Crime|Drama,0,0,0,0,1,0,0,0,0,0,0,0,0,1,0,0,0,0,0,0
3148,3.243589744,39,3.374032575,"Cider House Rules ",1999,Drama,0,0,0,0,0,0,0,0,0,0,0,0,0,1,0,0,0,0,0,0
3160,3.692982456,57,3.641474111,Magnolia ,1999,Drama,0,0,0,0,0,0,0,0,0,0,0,0,0,1,0,0,0,0,0,0
3174,3.3,35,3.41243458,Man on the Moon ,1999,Comedy|Drama,0,0,0,0,0,0,0,0,0,0,1,0,0,1,0,0,0,0,0,0
3175,3.507692308,65,3.519034186,Galaxy Quest ,1999,Adventure|Comedy|Sci-Fi,0,0,0,0,0,0,0,1,0,0,1,0,0,0,0,0,0,0,1,0
3176,3.5,66,3.51362758,"Talented Mr. Ripley ",1999,Drama|Mystery|Thriller,0,0,0,0,0,0,0,0,0,0,0,1,0,1,0,0,0,0,0,1
3210,3.615384615,52,3.589124972,Fast Times at Ridgemont High ,1982,Comedy|Drama|Romance,0,0,0,0,0,0,0,0,1,0,1,0,0,1,0,0,0,0,0,0
3247,3.054054054,37,3.273257428,Sister Act ,1992,Comedy|Crime,0,0,0,0,1,0,0,0,0,0,1,0,0,0,0,0,0,0,0,0
3253,3.391891892,74,3.435656228,Wayne's World ,1992,Comedy,0,0,0,0,0,0,0,0,0,0,1,0,0,0,0,0,0,0,0,0
3255,3.447368421,57,3.480554571,"League of Their Own, A ",1992,Comedy|Drama,0,0,0,0,0,0,0,0,0,0,1,0,0,1,0,0,0,0,0,0
3256,3.53125,48,3.536003175,Patriot Games ,1992,Action|Crime|Drama|Thriller,0,0,0,0,1,0,0,0,0,0,0,0,0,1,0,0,1,0,0,1
3317,3.842857143,35,3.704742272,Wonder Boys ,2000,Comedy|Drama,0,0,0,0,0,0,0,0,0,0,1,0,0,1,0,0,0,0,0,0
3361,3.806818182,44,3.700111455,Bull Durham ,1988,Comedy|Drama|Romance,0,0,0,0,0,0,0,0,1,0,1,0,0,1,0,0,0,0,0,0
3363,4.065789474,38,3.835415407,American Graffiti ,1973,Comedy|Drama,0,0,0,0,0,0,0,0,0,0,1,0,0,1,0,0,0,0,0,0
3386,3.821428571,42,3.705670107,JFK ,1991,Drama|Mystery|Thriller,0,0,0,0,0,0,0,0,0,0,0,1,0,1,0,0,0,0,0,1
3396,3.9,35,3.735511503,"Muppet Movie ",1979,Adventure|Children|Comedy|Musical,0,1,0,0,0,0,0,1,0,0,1,0,0,0,1,0,0,0,0,0
3408,3.552941176,85,3.550506501,Erin Brockovich ,2000,Drama,0,0,0,0,0,0,0,0,0,0,0,0,0,1,0,0,0,0,0,0
3418,3.533333333,45,3.537443302,Thelma & Louise ,1991,Adventure|Crime|Drama,0,0,0,0,1,0,0,1,0,0,0,0,0,1,0,0,0,0,0,0
3421,3.805084746,59,3.716946603,Animal House ,1978,Comedy,0,0,0,0,0,0,0,0,0,0,1,0,0,0,0,0,0,0,0,0
3424,3.734375,32,3.642068511,Do the Right Thing ,1989,Drama,0,0,0,0,0,0,0,0,0,0,0,0,0,1,0,0,0,0,0,0
3435,4.15625,32,3.859810446,Double Indemnity ,1944,Crime|Drama|Film-Noir,0,0,0,0,1,0,0,0,0,0,0,0,0,1,0,1,0,0,0,0
3448,3.660377358,53,3.618171659,"Good Morning, Vietnam ",1987,Comedy|Drama|War,0,0,0,0,0,0,0,0,0,0,1,0,0,1,0,0,0,1,0,0
3450,3.209677419,31,3.3739057,Grumpy Old Men ,1993,Comedy,0,0,0,0,0,0,0,0,0,0,1,0,0,0,0,0,0,0,0,0
3462,4.359375,32,3.964649156,Modern Times ,1936,Comedy|Drama|Romance,0,0,0,0,0,0,0,0,1,0,1,0,0,1,0,0,0,0,0,0
3471,3.903225806,62,3.785959214,Close Encounters of the Third Kind ,1977,Adventure|Drama|Sci-Fi,0,0,0,0,0,0,0,1,0,0,0,0,0,1,0,0,0,0,1,0
3481,3.960227273,88,3.854307184,High Fidelity ,2000,Comedy|Drama|Romance,0,0,0,0,0,0,0,0,1,0,1,0,0,1,0,0,0,0,0,0
3489,3.11627907,43,3.291893804,Hook ,1991,Adventure|Comedy|Fantasy,0,0,0,0,0,1,0,1,0,0,1,0,0,0,0,0,0,0,0,0
3499,3.877777778,45,3.744109969,Misery ,1990,Drama|Horror|Thriller,1,0,0,0,0,0,0,0,0,0,0,0,0,1,0,0,0,0,0,1
3504,4.092105263,38,3.850121289,Network ,1976,Comedy|Drama,0,0,0,0,0,0,0,0,0,0,1,0,0,1,0,0,0,0,0,0
3510,3.56097561,41,3.553637291,Frequency ,2000,Drama|Thriller,0,0,0,0,0,0,0,0,0,0,0,0,0,1,0,0,0,0,0,1
3527,3.566037736,53,3.557930695,Predator ,1987,Action|Sci-Fi|Thriller,0,0,0,0,0,0,0,0,0,0,0,0,0,0,0,0,1,0,1,1
3535,3.245098039,51,3.355657379,American Psycho ,2000,Crime|Horror|Mystery|Thriller,1,0,0,0,1,0,0,0,0,0,0,1,0,0,0,0,0,0,0,1
3552,3.425925926,54,3.467955329,Caddyshack ,1980,Comedy,0,0,0,0,0,0,0,0,0,0,1,0,0,0,0,0,0,0,0,0
3578,3.965838509,161,3.899519621,Gladiator ,2000,Action|Adventure|Drama,0,0,0,0,0,0,0,1,0,0,0,0,0,1,0,0,1,0,0,0
3617,3.081081081,37,3.288182801,Road Trip ,2000,Comedy,0,0,0,0,0,0,0,0,0,0,1,0,0,0,0,0,0,0,0,0
3623,2.969135802,81,3.124398628,Mission: Impossible II ,2000,Action|Adventure|Thriller,0,0,0,0,0,0,0,1,0,0,0,0,0,0,0,0,1,0,0,1
3624,3.210526316,38,3.35747423,Shanghai Noon ,2000,Action|Adventure|Comedy|Western,0,0,0,0,0,0,0,1,0,1,1,0,0,0,0,0,1,0,0,0
3671,3.935483871,62,3.807698344,Blazing Saddles ,1974,Comedy|Western,0,0,0,0,0,0,0,0,0,1,1,0,0,0,0,0,0,0,0,0
3702,3.828571429,35,3.697049964,Mad Max ,1979,Action|Adventure|Sci-Fi,0,0,0,0,0,0,0,1,0,0,0,0,0,0,0,0,1,0,1,0
3717,2.776785714,56,3.04428195,Gone in 60 Seconds ,2000,Action|Crime,0,0,0,0,1,0,0,0,0,0,0,0,0,0,0,0,1,0,0,0
3751,3.429292929,99,3.455877889,Chicken Run ,2000,Animation|Children|Comedy,0,0,1,0,0,0,0,0,0,0,1,0,0,0,1,0,0,0,0,0
3752,2.76744186,43,3.086414352,"Me, Myself & Irene ",2000,Adventure|Comedy,0,0,0,0,0,0,0,1,0,0,1,0,0,0,0,0,0,0,0,0
3753,3.292307692,65,3.371665765,"Patriot ",2000,Action|Drama|War,0,0,0,0,0,0,0,0,0,0,0,0,0,1,0,0,1,1,0,0
3755,2.952830189,53,3.16636443,"Perfect Storm ",2000,Drama|Thriller,0,0,0,0,0,0,0,0,0,0,0,0,0,1,0,0,0,0,0,1
3785,2.581081081,37,3.012063398,Scary Movie ,2000,Comedy|Horror,1,0,0,0,0,0,0,0,0,0,1,0,0,0,0,0,0,0,0,0
3793,3.559055118,127,3.556103488,X-Men ,2000,Action|Adventure|Sci-Fi,0,0,0,0,0,0,0,1,0,0,0,0,0,0,0,0,1,0,1,0
3863,2.955882353,34,3.23137887,"Cell ",2000,Drama|Horror|Thriller,1,0,0,0,0,0,0,0,0,0,0,0,0,1,0,0,0,0,0,1
3868,3.871428571,35,3.720126887,"Naked Gun: From the Files of Police Squad! ",1988,Action|Comedy|Crime|Romance,0,0,0,0,1,0,0,0,1,0,1,0,0,0,0,0,1,0,0,0
3897,3.888888889,99,3.808591067,Almost Famous ,2000,Drama,0,0,0,0,0,0,0,0,0,0,0,0,0,1,0,0,0,0,0,0
3911,3.762711864,59,3.688856715,Best in Show ,2000,Comedy,0,0,0,0,0,0,0,0,0,0,1,0,0,0,0,0,0,0,0,0
3916,3.858974359,39,3.721858662,Remember the Titans ,2000,Drama,0,0,0,0,0,0,0,0,0,0,0,0,0,1,0,0,0,0,0,0
3948,3.443181818,88,3.468713963,Meet the Parents ,2000,Comedy,0,0,0,0,0,0,0,0,0,0,1,0,0,0,0,0,0,0,0,0
3949,3.869565217,69,3.770790381,Requiem for a Dream ,2000,Drama,0,0,0,0,0,0,0,0,0,0,0,0,0,1,0,0,0,0,0,0
3967,3.709302326,43,3.641208872,Billy Elliot ,2000,Drama,0,0,0,0,0,0,0,0,0,0,0,0,0,1,0,0,0,0,0,0
3977,2.727848101,79,2.952369245,Charlie's Angels ,2000,Action|Comedy,0,0,0,0,0,0,0,0,0,0,1,0,0,0,0,0,1,0,0,0
3994,3.298387097,62,3.378350518,Unbreakable ,2000,Drama|Sci-Fi,0,0,0,0,0,0,0,0,0,0,0,0,0,1,0,0,0,0,1,0
3996,3.855263158,114,3.790335053,"Crouching Tiger, Hidden Dragon ",Wo hu cang long,Action|Drama|Romance,0,0,0,0,0,0,0,0,1,0,0,0,0,1,0,0,1,0,0,0
4002,3.375,36,3.451640116,"Planes, Trains & Automobiles ",1987,Comedy,0,0,0,0,0,0,0,0,0,0,1,0,0,0,0,0,0,0,0,0
4011,4.036842105,95,3.918465981,Snatch ,2000,Comedy|Crime|Thriller,0,0,0,0,1,0,0,0,0,0,1,0,0,0,0,0,0,0,0,1
4014,3.777777778,45,3.684109969,Chocolat ,2000,Drama|Romance,0,0,0,0,0,0,0,0,1,0,0,0,0,1,0,0,0,0,0,0
4016,3.5,32,3.521100769,"Emperor's New Groove ",2000,Adventure|Animation|Children|Comedy|Fantasy,0,0,1,0,0,1,0,1,0,0,1,0,0,0,1,0,0,0,0,0
4018,3.125,44,3.29470605,What Women Want ,2000,Comedy|Romance,0,0,0,0,0,0,0,0,1,0,1,0,0,0,0,0,0,0,0,0
4022,3.46875,96,3.486573394,Cast Away ,2000,Drama,0,0,0,0,0,0,0,0,0,0,0,0,0,1,0,0,0,0,0,0
4025,2.79245283,53,3.063954791,Miss Congeniality ,2000,Comedy|Crime,0,0,0,0,1,0,0,0,0,0,1,0,0,0,0,0,0,0,0,0
4027,3.875,96,3.796097204,"O Brother, Where Art Thou? ",2000,Adventure|Comedy|Crime,0,0,0,0,1,0,0,1,0,0,1,0,0,0,0,0,0,0,0,0
4034,3.910958904,73,3.80396357,Traffic ,2000,Crime|Drama|Thriller,0,0,0,0,1,0,0,0,0,0,0,0,0,1,0,0,0,0,0,1
4085,3.676470588,51,3.627262317,Beverly Hills Cop ,1984,Action|Comedy|Crime|Drama,0,0,0,0,1,0,0,0,0,0,1,0,0,1,0,0,1,0,0,0
4148,3.060606061,33,3.290607106,Hannibal ,2001,Horror|Thriller,1,0,0,0,0,0,0,0,0,0,0,0,0,0,0,0,0,0,0,1
4223,3.689189189,37,3.624003697,Enemy at the Gates ,2001,Drama|War,0,0,0,0,0,0,0,0,0,0,0,0,0,1,0,0,0,1,0,0
4226,4.227272727,132,4.100668195,Memento ,2000,Mystery|Thriller,0,0,0,0,0,0,0,0,0,0,0,1,0,0,0,0,0,0,0,1
4239,3.486486486,37,3.512063398,Blow ,2001,Crime|Drama,0,0,0,0,1,0,0,0,0,0,0,0,0,1,0,0,0,0,0,0
4246,3.471830986,71,3.493150967,Bridget Jones's Diary ,2001,Comedy|Drama|Romance,0,0,0,0,0,0,0,0,1,0,1,0,0,1,0,0,0,0,0,0
4262,3.704081633,49,3.643142376,Scarface ,1983,Action|Crime|Drama,0,0,0,0,1,0,0,0,0,0,0,0,0,1,0,0,1,0,0,0
4270,2.734375,32,3.125939479,"Mummy Returns ",2001,Action|Adventure|Comedy|Thriller,0,0,0,0,0,0,0,1,0,0,1,0,0,0,0,0,1,0,0,1
4306,3.847701149,174,3.802981606,Shrek ,2001,Adventure|Animation|Children|Comedy|Fantasy|Romance,0,0,1,0,0,1,0,1,1,0,1,0,0,0,1,0,0,0,0,0
4308,3.636363636,55,3.603626443,Moulin Rouge ,2001,Drama|Musical|Romance,0,1,0,0,0,0,0,0,1,0,0,0,0,1,0,0,0,0,0,0
4310,2.869047619,42,3.150114551,Pearl Harbor ,2001,Action|Drama|Romance|War,0,0,0,0,0,0,0,0,1,0,0,0,0,1,0,0,1,1,0,0
4344,2.924242424,33,3.219178534,Swordfish ,2001,Action|Crime|Drama,0,0,0,0,1,0,0,0,0,0,0,0,0,1,0,0,1,0,0,0
4367,2.842857143,35,3.166280733,Lara Croft: Tomb Raider ,2001,Action|Adventure,0,0,0,0,0,0,0,1,0,0,0,0,0,0,0,0,1,0,0,0
4369,3.2875,40,3.397260681,"Fast and the Furious ",2001,Action|Crime|Thriller,0,0,0,0,1,0,0,0,0,0,0,0,0,0,0,0,1,0,0,1
4370,2.927272727,55,3.144802914,A.I. Artificial Intelligence ,2001,Adventure|Drama|Sci-Fi,0,0,0,0,0,0,0,1,0,0,0,0,0,1,0,0,0,0,1,0
4447,2.989361702,47,3.205301918,Legally Blonde ,2001,Comedy|Romance,0,0,0,0,0,0,0,0,1,0,1,0,0,0,0,0,0,0,0,0
4571,3.4625,40,3.497260681,Bill & Ted's Excellent Adventure ,1989,Adventure|Comedy|Sci-Fi,0,0,0,0,0,0,0,1,0,0,1,0,0,0,0,0,0,0,1,0
4638,2.483870968,31,3.00505324,Jurassic Park III ,2001,Action|Adventure|Sci-Fi|Thriller,0,0,0,0,0,0,0,1,0,0,0,0,0,0,0,0,1,0,1,1
4641,3.666666667,36,3.610731025,Ghost World ,2001,Comedy|Drama,0,0,0,0,0,0,0,0,0,0,1,0,0,1,0,0,0,0,0,0
4643,2.875,44,3.146057401,Planet of the Apes ,2001,Action|Adventure|Drama|Sci-Fi,0,0,0,0,0,0,0,1,0,0,0,0,0,1,0,0,1,0,1,0
4718,2.871794872,39,3.163887647,American Pie 2 ,2001,Comedy,0,0,0,0,0,0,0,0,0,0,1,0,0,0,0,0,0,0,0,0
4720,3.489795918,49,3.510230983,"Others ",2001,Drama|Horror|Mystery|Thriller,1,0,0,0,0,0,0,0,0,0,0,1,0,1,0,0,0,0,0,1
4734,3.241935484,31,3.390299142,Jay and Silent Bob Strike Back ,2001,Adventure|Comedy,0,0,0,0,0,0,0,1,0,0,1,0,0,0,0,0,0,0,0,0
4776,3.310810811,37,3.415048473,Training Day ,2001,Crime|Drama|Thriller,0,0,0,0,1,0,0,0,0,0,0,0,0,1,0,0,0,0,0,1
4816,3.22826087,46,3.352740101,Zoolander ,2001,Comedy,0,0,0,0,0,0,0,0,0,0,1,0,0,0,0,0,0,0,0,0
4848,3.705128205,39,3.63490214,Mulholland Drive ,2001,Crime|Drama|Film-Noir|Mystery|Thriller,0,0,0,0,1,0,0,0,0,0,0,1,0,1,0,1,0,0,0,1
4878,4.02688172,93,3.909010144,Donnie Darko ,2001,Drama|Mystery|Sci-Fi|Thriller,0,0,0,0,0,0,0,0,0,0,0,1,0,1,0,0,0,0,1,1
4886,3.884615385,130,3.820676548,"Monsters, Inc. ",2001,Adventure|Animation|Children|Comedy|Fantasy,0,0,1,0,0,1,0,1,0,0,1,0,0,0,1,0,0,0,0,0
4896,3.657142857,105,3.631912946,Harry Potter and the Sorcerer's Stone ,a.k.a. Harry Potter and the Philosopher's Stone,Adventure|Children|Fantasy,0,0,0,0,0,1,0,1,0,0,0,0,0,0,1,0,0,0,0,0
4963,3.880769231,130,3.817551548,Ocean's Eleven ,2001,Crime|Thriller,0,0,0,0,1,0,0,0,0,0,0,0,0,0,0,0,0,0,0,1
4973,4.096,125,3.989085469,Amelie ,"Fabuleux destin d'Amélie Poulain, Le",Comedy|Romance,0,0,0,0,0,0,0,0,1,0,1,0,0,0,0,0,0,0,0,0
4975,3.013513514,37,3.250869368,Vanilla Sky ,2001,Mystery|Romance|Sci-Fi|Thriller,0,0,0,0,0,0,0,0,1,0,0,1,0,0,0,0,0,0,1,1
4979,3.753623188,69,3.6899823,"Royal Tenenbaums ",2001,Comedy|Drama,0,0,0,0,0,0,0,0,0,0,1,0,0,1,0,0,0,0,0,0
4993,4.1825,200,4.099166294,"Lord of the Rings: The Fellowship of the Ring ",2001,Adventure|Fantasy,0,0,0,0,0,1,0,1,0,0,0,0,0,0,0,0,0,0,0,0
4995,3.951754386,114,3.866723942,"Beautiful Mind, A ",2001,Drama|Romance,0,0,0,0,0,0,0,0,1,0,0,0,0,1,0,0,0,0,0,0
5010,3.724489796,49,3.655800603,Black Hawk Down ,2001,Action|Drama|War,0,0,0,0,0,0,0,0,0,0,0,0,0,1,0,0,1,1,0,0
5060,3.745762712,59,3.67762076,M*A*S*H ,a.k.a. MASH,Comedy|Drama|War,0,0,0,0,0,0,0,0,0,0,1,0,0,1,0,0,0,1,0,0
5218,3.396825397,63,3.444174706,Ice Age ,2002,Adventure|Animation|Children|Comedy,0,0,1,0,0,0,0,1,0,0,1,0,0,0,1,0,0,0,0,0
5299,3.362745098,51,3.429731453,My Big Fat Greek Wedding ,2002,Comedy|Romance,0,0,0,0,0,0,0,0,1,0,1,0,0,0,0,0,0,0,0,0
5349,3.52238806,134,3.526269803,Spider-Man ,2002,Action|Adventure|Sci-Fi|Thriller,0,0,0,0,0,0,0,1,0,0,0,0,0,0,0,0,1,0,1,1
5377,3.644230769,52,3.607417655,About a Boy ,2002,Comedy|Drama|Romance,0,0,0,0,0,0,0,0,1,0,1,0,0,1,0,0,0,0,0,0
5378,3.103658537,82,3.221502211,Star Wars: Episode II - Attack of the Clones ,2002,Action|Adventure|Sci-Fi|IMAX,0,0,0,0,0,0,0,1,0,0,0,0,1,0,0,0,1,0,1,0
5418,3.88,100,3.802371136,"Bourne Identity ",2002,Action|Mystery|Thriller,0,0,0,0,0,0,0,0,0,0,0,1,0,0,0,0,1,0,0,1
5445,3.686956522,115,3.65729826,Minority Report ,2002,Action|Crime|Mystery|Sci-Fi|Thriller,0,0,0,0,1,0,0,0,0,0,0,1,0,0,0,0,1,0,1,1
5459,3.071428571,49,3.250737312,Men in Black II ,a.k.a. MIIB,Action|Comedy|Sci-Fi,0,0,0,0,0,0,0,0,0,0,1,0,0,0,0,0,1,0,1,0
5464,3.394736842,38,3.460415407,Road to Perdition ,2002,Crime|Drama,0,0,0,0,1,0,0,0,0,0,0,0,0,1,0,0,0,0,0,0
5481,2.911111111,45,3.164109969,Austin Powers in Goldmember ,2002,Comedy,0,0,0,0,0,0,0,0,0,0,1,0,0,0,0,0,0,0,0,0
5502,3.166666667,54,3.301288663,Signs ,2002,Horror|Sci-Fi|Thriller,1,0,0,0,0,0,0,0,0,0,0,0,0,0,0,0,0,0,1,1
5618,4.134920635,63,3.944174706,Spirited Away ,Sen to Chihiro no kamikakushi,Adventure|Animation|Fantasy,0,0,1,0,0,1,0,1,0,0,0,0,0,0,0,0,0,0,0,0
5669,3.913793103,58,3.787593724,Bowling for Columbine ,2002,Documentary,0,0,0,0,0,0,1,0,0,0,0,0,0,0,0,0,0,0,0,0
5679,3.427083333,48,3.471900611,"Ring ",2002,Horror|Mystery|Thriller,1,0,0,0,0,0,0,0,0,0,0,1,0,0,0,0,0,0,0,1
5816,3.660493827,81,3.628903132,Harry Potter and the Chamber of Secrets ,2002,Adventure|Fantasy,0,0,0,0,0,1,0,1,0,0,0,0,0,0,0,0,0,0,0,0
5872,3.096774194,31,3.31652865,Die Another Day ,2002,Action|Adventure|Thriller,0,0,0,0,0,0,0,1,0,0,0,0,0,0,0,0,1,0,0,1
5902,3.773809524,42,3.677892329,Adaptation ,2002,Comedy|Drama|Romance,0,0,0,0,0,0,0,0,1,0,1,0,0,1,0,0,0,0,0,0
5903,3.728571429,35,3.64320381,Equilibrium ,2002,Action|Sci-Fi|Thriller,0,0,0,0,0,0,0,0,0,0,0,0,0,0,0,0,1,0,1,1
5945,3.25,34,3.38762887,About Schmidt ,2002,Comedy|Drama,0,0,0,0,0,0,0,0,0,0,1,0,0,1,0,0,0,0,0,0
5952,4.061170213,188,3.98994609,"Lord of the Rings: The Two Towers ",2002,Adventure|Fantasy,0,0,0,0,0,1,0,1,0,0,0,0,0,0,0,0,0,0,0,0
5956,3.671428571,35,3.61243458,Gangs of New York ,2002,Crime|Drama,0,0,0,0,1,0,0,0,0,0,0,0,0,1,0,0,0,0,0,0
5989,3.96969697,99,3.870606571,Catch Me If You Can ,2002,Crime|Drama,0,0,0,0,1,0,0,0,0,0,0,0,0,1,0,0,0,0,0,0
5991,3.647058824,51,3.608743798,Chicago ,2002,Comedy|Crime|Drama|Musical,0,1,0,0,1,0,0,0,0,0,1,0,0,1,0,0,0,0,0,0
5995,4.131147541,61,3.937453271,"Pianist ",2002,Drama|War,0,0,0,0,0,0,0,0,0,0,0,0,0,1,0,0,0,1,0,0
6016,4.297101449,69,4.068770178,City of God ,Cidade de Deus,Action|Adventure|Crime|Drama|Thriller,0,0,0,0,1,0,0,1,0,0,0,0,0,1,0,0,1,0,0,1
6188,3.5,32,3.521100769,Old School ,2003,Comedy,0,0,0,0,0,0,0,0,0,0,1,0,0,0,0,0,0,0,0,0
6218,3.390243902,41,3.455045742,Bend It Like Beckham ,2002,Comedy|Drama|Romance,0,0,0,0,0,0,0,0,1,0,1,0,0,1,0,0,0,0,0,0
6333,3.617283951,81,3.597371601,X2: X-Men United ,2003,Action|Adventure|Sci-Fi|Thriller,0,0,0,0,0,0,0,1,0,0,0,0,0,0,0,0,1,0,1,1
6365,3.268292683,82,3.342037926,"Matrix Reloaded ",2003,Action|Adventure|Sci-Fi|Thriller|IMAX,0,0,0,0,0,0,0,1,0,0,0,0,1,0,0,0,1,0,1,1
6373,3.1,50,3.266353096,Bruce Almighty ,2003,Comedy|Drama|Fantasy|Romance,0,0,0,0,0,1,0,0,1,0,1,0,0,1,0,0,0,0,0,0
6377,3.803278689,122,3.752027945,Finding Nemo ,2003,Adventure|Animation|Children|Comedy,0,0,1,0,0,0,0,1,0,0,1,0,0,0,1,0,0,0,0,0
6378,3.527272727,55,3.533038208,"Italian Job ",2003,Action|Crime,0,0,0,0,1,0,0,0,0,0,0,0,0,0,0,0,1,0,0,0
6502,3.807692308,52,3.711076191,28 Days Later ,2002,Action|Horror|Sci-Fi,1,0,0,0,0,0,0,0,0,0,0,0,0,0,0,0,1,0,1,0
6537,3,38,3.239827172,Terminator 3: Rise of the Machines ,2003,Action|Adventure|Sci-Fi,0,0,0,0,0,0,0,1,0,0,0,0,0,0,0,0,1,0,1,0
6539,3.854609929,141,3.800048232,Pirates of the Caribbean: The Curse of the Black Pearl ,2003,Action|Adventure|Comedy|Fantasy,0,0,0,0,0,1,0,1,0,0,1,0,0,0,0,0,1,0,0,0
6711,3.817647059,85,3.746158675,Lost in Translation ,2003,Comedy|Drama|Romance,0,0,0,0,0,0,0,0,1,0,1,0,0,1,0,0,0,0,0,0
6807,4.054054054,37,3.825496234,Monty Python's The Meaning of Life ,1983,Comedy,0,0,0,0,0,0,0,0,0,0,1,0,0,0,0,0,0,0,0,0
6863,3.529411765,51,3.534669724,School of Rock ,2003,Comedy|Musical,0,1,0,0,0,0,0,0,0,0,1,0,0,0,0,0,0,0,0,0
6870,3.619565217,46,3.589582206,Mystic River ,2003,Crime|Drama|Mystery,0,0,0,0,1,0,0,0,0,0,0,1,0,1,0,0,0,0,0,0
6874,3.81981982,111,3.761051402,Kill Bill: Vol. 1 ,2003,Action|Crime|Thriller,0,0,0,0,1,0,0,0,0,0,0,0,0,0,0,0,1,0,0,1
6934,3.037037037,54,3.217955329,"Matrix Revolutions ",2003,Action|Adventure|Sci-Fi|Thriller|IMAX,0,0,0,0,0,0,0,1,0,0,0,0,1,0,0,0,1,0,1,1
6942,3.581818182,55,3.568332326,Love Actually ,2003,Comedy|Drama|Romance,0,0,0,0,0,0,0,0,1,0,1,0,0,1,0,0,0,0,0,0
6947,3.455882353,34,3.49700387,Master and Commander: The Far Side of the World ,2003,Adventure|Drama|War,0,0,0,0,0,0,0,1,0,0,0,0,0,1,0,0,0,1,0,0
6979,3.621212121,33,3.5842579,WarGames ,1983,Drama|Sci-Fi|Thriller,0,0,0,0,0,0,0,0,0,0,0,0,0,1,0,0,0,0,1,1
7090,3.863636364,33,3.711242027,Hero ,Ying xiong,Action|Adventure|Drama,0,0,0,0,0,0,0,1,0,0,0,0,0,1,0,0,1,0,0,0
7143,3.644444444,45,3.604109969,"Last Samurai ",2003,Action|Adventure|Drama|War,0,0,0,0,0,0,0,1,0,0,0,0,0,1,0,0,1,1,0,0
7147,3.827272727,55,3.727155855,Big Fish ,2003,Drama|Fantasy|Romance,0,0,0,0,0,1,0,0,1,0,0,0,0,1,0,0,0,0,0,0
7153,4.127840909,176,4.042758484,"Lord of the Rings: The Return of the King ",2003,Action|Adventure|Drama|Fantasy,0,0,0,0,0,1,0,1,0,0,0,0,0,1,0,0,1,0,0,0
7254,3.46875,48,3.497541637,The Butterfly Effect ,2004,Drama|Sci-Fi|Thriller,0,0,0,0,0,0,0,0,0,0,0,0,0,1,0,0,0,0,1,1
7361,4.122641509,106,3.994913586,Eternal Sunshine of the Spotless Mind ,2004,Drama|Romance|Sci-Fi,0,0,0,0,0,0,0,0,1,0,0,0,0,1,0,0,0,0,1,0
7438,3.665048544,103,3.637655998,Kill Bill: Vol. 2 ,2004,Action|Drama|Thriller,0,0,0,0,0,0,0,0,0,0,0,0,0,1,0,0,1,0,0,1
7458,3.1875,32,3.359810446,Troy ,2004,Action|Adventure|Drama|War,0,0,0,0,0,0,0,1,0,0,0,0,0,1,0,0,1,1,0,0
8360,3.574074074,81,3.565840069,Shrek 2 ,2004,Adventure|Animation|Children|Comedy|Musical|Romance,0,1,1,0,0,0,0,1,1,0,1,0,0,0,1,0,0,0,0,0
8368,3.761904762,84,3.704458313,Harry Potter and the Prisoner of Azkaban ,2004,Adventure|Fantasy|IMAX,0,0,0,0,0,1,0,1,0,0,0,0,1,0,0,0,0,0,0,0
8376,3.133333333,45,3.297443302,Napoleon Dynamite ,2004,Comedy,0,0,0,0,0,0,0,0,0,0,1,0,0,0,0,0,0,0,0,0
8464,3.533333333,45,3.537443302,Super Size Me ,2004,Comedy|Documentary|Drama,0,0,0,0,0,0,1,0,0,0,1,0,0,1,0,0,0,0,0,0
8528,3.337837838,37,3.429973846,Dodgeball: A True Underdog Story ,2004,Comedy,0,0,0,0,0,0,0,0,0,0,1,0,0,0,0,0,0,0,0,0
8529,3.364864865,37,3.444899219,"Terminal ",2004,Comedy|Drama|Romance,0,0,0,0,0,0,0,0,1,0,1,0,0,1,0,0,0,0,0,0
8533,3.393939394,33,3.46521028,"Notebook ",2004,Drama|Romance,0,0,0,0,0,0,0,0,1,0,0,0,0,1,0,0,0,0,0,0
8622,3.565217391,46,3.556687469,Fahrenheit 9/11 ,2004,Documentary,0,0,0,0,0,0,1,0,0,0,0,0,0,0,0,0,0,0,0,0
8636,3.625,84,3.60358112,Spider-Man 2 ,2004,Action|Adventure|Sci-Fi|IMAX,0,0,0,0,0,0,0,1,0,0,0,0,1,0,0,0,1,0,1,0
8641,3.514705882,34,3.52825387,Anchorman: The Legend of Ron Burgundy ,2004,Comedy,0,0,0,0,0,0,0,0,0,0,1,0,0,0,0,0,0,0,0,0
8644,3.342105263,57,3.411589054,"I, Robot ",2004,Action|Adventure|Sci-Fi|Thriller,0,0,0,0,0,0,0,1,0,0,0,0,0,0,0,0,1,0,1,1
8665,3.790540541,74,3.719310074,"Bourne Supremacy ",2004,Action|Crime|Thriller,0,0,0,0,1,0,0,0,0,0,0,0,0,0,0,0,1,0,0,1
8784,3.629310345,58,3.600093724,Garden State ,2004,Comedy|Drama|Romance,0,0,0,0,0,0,0,0,1,0,1,0,0,1,0,0,0,0,0,0
8798,3.7125,40,3.640117824,Collateral ,2004,Action|Crime|Drama|Thriller,0,0,0,0,1,0,0,0,0,0,0,0,0,1,0,0,1,0,0,1
8874,3.871428571,70,3.773082477,Shaun of the Dead ,2004,Comedy|Horror,1,0,0,0,0,0,0,0,0,0,1,0,0,0,0,0,0,0,0,0
8949,3.666666667,45,3.617443302,Sideways ,2004,Comedy|Drama|Romance,0,0,0,0,0,0,0,0,1,0,1,0,0,1,0,0,0,0,0,0
8957,3.272727273,33,3.401718217,Saw ,2004,Horror|Mystery|Thriller,1,0,0,0,0,0,0,0,0,0,0,1,0,0,0,0,0,0,0,1
8961,3.861111111,126,3.80005287,"Incredibles ",2004,Action|Adventure|Animation|Children|Comedy,0,0,1,0,0,0,0,1,0,0,1,0,0,0,1,0,1,0,0,0
8970,3.851351351,37,3.713555935,Finding Neverland ,2004,Drama,0,0,0,0,0,0,0,0,0,0,0,0,0,1,0,0,0,0,0,0
8972,3.414285714,35,3.473973041,National Treasure ,2004,Action|Adventure|Drama|Mystery|Thriller,0,0,0,0,0,0,0,1,0,0,0,1,0,1,0,0,1,0,0,1
8984,2.911764706,34,3.20794137,Ocean's Twelve ,2004,Action|Comedy|Crime|Thriller,0,0,0,0,1,0,0,0,0,0,1,0,0,0,0,0,1,0,0,1
27773,3.921875,32,3.738842704,Old Boy ,2003,Mystery|Thriller,0,0,0,0,0,0,0,0,0,0,0,1,0,0,0,0,0,0,0,1
30707,3.7,65,3.650613133,Million Dollar Baby ,2004,Drama,0,0,0,0,0,0,0,0,0,0,0,0,0,1,0,0,0,0,0,0
30749,3.984375,32,3.771100769,Hotel Rwanda ,2004,Drama|War,0,0,0,0,0,0,0,0,0,0,0,0,0,1,0,0,0,1,0,0
30793,3.180851064,47,3.322185035,Charlie and the Chocolate Factory ,2005,Adventure|Children|Comedy|Fantasy|IMAX,0,0,0,0,0,1,0,1,0,0,1,0,1,0,1,0,0,0,0,0
30812,3.617647059,34,3.58294137,"Aviator ",2004,Drama,0,0,0,0,0,0,0,0,0,0,0,0,0,1,0,0,0,0,0,0
32587,3.95,80,3.839165888,Sin City ,2005,Action|Crime|Film-Noir|Mystery|Thriller,0,0,0,0,1,0,0,0,0,0,0,1,0,0,0,1,1,0,0,1
33004,3.294117647,34,3.41106637,"Hitchhiker's Guide to the Galaxy ",2005,Adventure|Comedy|Sci-Fi,0,0,0,0,0,0,0,1,0,0,1,0,0,0,0,0,0,0,1,0
33166,4,48,3.824464714,Crash ,2004,Crime|Drama,0,0,0,0,1,0,0,0,0,0,0,0,0,1,0,0,0,0,0,0
33493,3.629032258,62,3.601176605,Star Wars: Episode III - Revenge of the Sith ,2005,Action|Adventure|Sci-Fi,0,0,0,0,0,0,0,1,0,0,0,0,0,0,0,0,1,0,1,0
33679,3.102040816,49,3.269724654,Mr. & Mrs. Smith ,2005,Action|Adventure|Comedy|Romance,0,0,0,0,0,0,0,1,1,0,1,0,0,0,0,0,1,0,0,0
33794,3.857142857,105,3.787468501,Batman Begins ,2005,Action|Crime|IMAX,0,0,0,0,1,0,0,0,0,0,0,0,1,0,0,0,1,0,0,0
34048,2.85,40,3.147260681,War of the Worlds ,2005,Action|Adventure|Sci-Fi|Thriller,0,0,0,0,0,0,0,1,0,0,0,0,0,0,0,0,1,0,1,1
34162,3.547619048,42,3.545947884,Wedding Crashers ,2005,Comedy|Romance,0,0,0,0,0,0,0,0,1,0,1,0,0,0,0,0,0,0,0,0
34405,3.7875,40,3.682974967,Serenity ,2005,Action|Adventure|Sci-Fi,0,0,0,0,0,0,0,1,0,0,0,0,0,0,0,0,1,0,1,0
35836,3.647058824,51,3.608743798,"40-Year-Old Virgin ",2005,Comedy|Romance,0,0,0,0,0,0,0,0,1,0,1,0,0,0,0,0,0,0,0,0
36529,3.677419355,31,3.611610618,Lord of War ,2005,Action|Crime|Drama|Thriller|War,0,0,0,0,1,0,0,0,0,0,0,0,0,1,0,0,1,1,0,1
40815,3.881355932,59,3.767508401,Harry Potter and the Goblet of Fire ,2005,Adventure|Fantasy|Thriller|IMAX,0,0,0,0,0,1,0,1,0,0,0,0,1,0,0,0,0,0,0,1
40819,3.880952381,42,3.740392329,Walk the Line ,2005,Drama|Musical|Romance,0,1,0,0,0,0,0,0,1,0,0,0,0,1,0,0,0,0,0,0
41566,3.459183673,49,3.491243641,"Chronicles of Narnia: The Lion Witch and the Wardrobe ",2005,Adventure|Children|Fantasy,0,0,0,0,0,1,0,1,0,0,0,0,0,0,1,0,0,0,0,0
44191,4.01369863,73,3.876779104,V for Vendetta ,2006,Action|Sci-Fi|Thriller|IMAX,0,0,0,0,0,0,0,0,0,0,0,0,1,0,0,0,1,0,1,1
44195,3.9125,40,3.754403538,Thank You for Smoking ,2006,Comedy|Drama,0,0,0,0,0,0,0,0,0,0,1,0,0,1,0,0,0,0,0,0
44555,3.932432432,37,3.758332055,"Lives of Others ",Das leben der Anderen,Drama|Romance|Thriller,0,0,0,0,0,0,0,0,1,0,0,0,0,1,0,0,0,0,0,1
45447,2.985714286,35,3.24320381,"Da Vinci Code ",2006,Drama|Mystery|Thriller,0,0,0,0,0,0,0,0,0,0,0,1,0,1,0,0,0,0,0,1
45722,3.415254237,59,3.458519637,Pirates of the Caribbean: Dead Man's Chest ,2006,Action|Adventure|Fantasy,0,0,0,0,0,1,0,1,0,0,0,0,0,0,0,0,1,0,0,0
46578,3.907894737,76,3.804794789,Little Miss Sunshine ,2006,Adventure|Comedy|Drama,0,0,0,0,0,0,0,1,0,0,1,0,0,1,0,0,0,0,0,0
46976,3.6625,40,3.611546395,Stranger than Fiction ,2006,Comedy|Drama|Fantasy|Romance,0,0,0,0,0,1,0,0,1,0,1,0,0,1,0,0,0,0,0,0
47610,3.727272727,33,3.639813455,"Illusionist ",2006,Drama|Fantasy|Mystery|Romance,0,0,0,0,0,1,0,0,1,0,0,1,0,1,0,0,0,0,0,0
48385,3.272727273,44,3.382543887,Borat: Cultural Learnings of America for Make Benefit Glorious Nation of Kazakhstan ,2006,Comedy,0,0,0,0,0,0,0,0,0,0,1,0,0,0,0,0,0,0,0,0
48394,3.673076923,52,3.625710337,Pan's Labyrinth ,"Laberinto del fauno, El",Drama|Fantasy|Thriller,0,0,0,0,0,1,0,0,0,0,0,0,0,1,0,0,0,0,0,1
48516,4.202380952,84,4.029019716,"Departed ",2006,Crime|Drama|Thriller,0,0,0,0,1,0,0,0,0,0,0,0,0,1,0,0,0,0,0,1
48774,3.627906977,43,3.593263667,Children of Men ,2006,Action|Adventure|Drama|Sci-Fi|Thriller,0,0,0,0,0,0,0,1,0,0,0,0,0,1,0,0,1,0,1,1
48780,4.125,52,3.912295703,"Prestige ",2006,Drama|Mystery|Sci-Fi|Thriller,0,0,0,0,0,0,0,0,0,0,0,1,0,1,0,0,0,0,1,1
49272,3.87704918,61,3.767123601,Casino Royale ,2006,Action|Adventure|Thriller,0,0,0,0,0,0,0,1,0,0,0,0,0,0,0,0,1,0,0,1
49530,4.040540541,37,3.818033547,Blood Diamond ,2006,Action|Adventure|Crime|Drama|Thriller|War,0,0,0,0,1,0,0,1,0,0,0,0,0,1,0,0,1,1,0,1
50872,3.983050847,59,3.834924131,Ratatouille ,2007,Animation|Children|Drama,0,0,1,0,0,0,0,0,0,0,0,0,0,1,1,0,0,0,0,0
51255,3.761904762,42,3.670947884,Hot Fuzz ,2007,Action|Comedy|Crime|Mystery,0,0,0,0,1,0,0,0,0,0,1,1,0,0,0,0,1,0,0,0
51662,3.559322034,59,3.554025255,300,2007,Action|Fantasy|War|IMAX,0,0,0,0,0,1,0,0,0,0,0,0,1,0,0,0,1,1,0,0
53125,3.272727273,33,3.401718217,Pirates of the Caribbean: At World's End ,2007,Action|Adventure|Comedy|Fantasy,0,0,0,0,0,1,0,1,0,0,1,0,0,0,0,0,1,0,0,0
53996,3.225806452,31,3.382102421,Transformers ,2007,Action|Sci-Fi|Thriller|IMAX,0,0,0,0,0,0,0,0,0,0,0,0,1,0,0,0,1,0,1,1
54001,3.75,38,3.658944819,Harry Potter and the Order of the Phoenix ,2007,Adventure|Drama|Fantasy|IMAX,0,0,0,0,0,1,0,1,0,0,0,0,1,1,0,0,0,0,0,0
54272,3.337837838,37,3.429973846,"Simpsons Movie ",2007,Animation|Comedy,0,0,1,0,0,0,0,0,0,0,1,0,0,0,0,0,0,0,0,0
54286,3.959016393,61,3.822068656,"Bourne Ultimatum ",2007,Action|Crime|Thriller,0,0,0,0,1,0,0,0,0,0,0,0,0,0,0,0,1,0,0,1
54503,3.738636364,44,3.659570914,Superbad ,2007,Comedy,0,0,0,0,0,0,0,0,0,0,1,0,0,0,0,0,0,0,0,0
55247,3.629032258,31,3.587020454,Into the Wild ,2007,Action|Adventure|Drama,0,0,0,0,0,0,0,1,0,0,0,0,0,1,0,0,1,0,0,0
55820,4.010204082,49,3.833015793,No Country for Old Men ,2007,Crime|Drama,0,0,0,0,1,0,0,0,0,0,0,0,0,1,0,0,0,0,0,0
56174,3.19047619,42,3.337614551,I Am Legend ,2007,Action|Horror|Sci-Fi|Thriller|IMAX,1,0,0,0,0,0,0,0,0,0,0,0,1,0,0,0,1,0,1,1
56367,3.854166667,72,3.762825958,Juno ,2007,Comedy|Drama|Romance,0,0,0,0,0,0,0,0,1,0,1,0,0,1,0,0,0,0,0,0
57669,3.947368421,38,3.769238936,In Bruges ,2008,Comedy|Crime|Drama|Thriller,0,0,0,0,1,0,0,0,0,0,1,0,0,1,0,0,0,0,0,1
58559,4.23553719,121,4.098067865,"Dark Knight ",2008,Action|Crime|Drama|IMAX,0,0,0,0,1,0,0,0,0,0,0,0,1,1,0,0,1,0,0,0
59315,4.026666667,75,3.888649978,Iron Man ,2008,Action|Adventure|Sci-Fi,0,0,0,0,0,0,0,1,0,0,0,0,0,0,0,0,1,0,1,0
59369,3.467741935,31,3.50505324,Taken ,2008,Action|Crime|Drama|Thriller,0,0,0,0,1,0,0,0,0,0,0,0,0,1,0,0,1,0,0,1
59784,3.803030303,33,3.679495995,Kung Fu Panda ,2008,Action|Animation|Children|Comedy|IMAX,0,0,1,0,0,0,0,0,0,0,1,0,1,0,1,0,1,0,0,0
60069,3.703947368,76,3.658568374,WALL·E ,2008,Adventure|Animation|Children|Romance|Sci-Fi,0,0,1,0,0,0,0,1,1,0,0,0,0,0,1,0,0,0,1,0
63082,3.759615385,52,3.680588386,Slumdog Millionaire ,2008,Crime|Drama|Romance,0,0,0,0,1,0,0,0,1,0,0,0,0,1,0,0,0,0,0,0
64614,3.833333333,36,3.701640116,Gran Torino ,2008,Crime|Drama,0,0,0,0,1,0,0,0,0,0,0,0,0,1,0,0,0,0,0,0
68157,4.13559322,59,3.936047727,Inglourious Basterds ,2009,Action|Drama|War,0,0,0,0,0,0,0,0,0,0,0,0,0,1,0,0,1,1,0,0
68358,3.833333333,51,3.726027749,Star Trek ,2009,Action|Adventure|Sci-Fi|IMAX,0,0,0,0,0,0,0,1,0,0,0,0,1,0,0,0,1,0,1,0
68954,3.942622951,61,3.811079645,Up ,2009,Adventure|Animation|Children|Drama,0,0,1,0,0,0,0,1,0,0,0,0,0,1,1,0,0,0,0,0
69122,3.613636364,44,3.58524659,"Hangover ",2009,Comedy|Crime,0,0,0,0,1,0,0,0,0,0,1,0,0,0,0,0,0,0,0,0
70286,4.009433962,53,3.841063225,District 9 ,2009,Mystery|Sci-Fi|Thriller,0,0,0,0,0,0,0,0,0,0,0,1,0,0,0,0,0,0,1,1
71535,3.635135135,37,3.59415295,Zombieland ,2009,Action|Comedy|Horror,1,0,0,0,0,0,0,0,0,0,1,0,0,0,0,0,1,0,0,0
72998,3.641791045,67,3.611425234,Avatar ,2009,Action|Adventure|Sci-Fi|IMAX,0,0,0,0,0,0,0,1,0,0,0,0,1,0,0,0,1,0,1,0
73017,3.875,40,3.732974967,Sherlock Holmes ,2009,Action|Crime|Mystery|Thriller,0,0,0,0,1,0,0,0,0,0,0,1,0,0,0,0,1,0,0,1
74458,3.794117647,51,3.701336391,Shutter Island ,2010,Drama|Mystery|Thriller,0,0,0,0,0,0,0,0,0,0,0,1,0,1,0,0,0,0,0,1
76093,4.151515152,33,3.862035677,How to Train Your Dragon ,2010,Adventure|Animation|Children|Fantasy|IMAX,0,0,1,0,0,1,0,1,0,0,0,0,1,0,1,0,0,0,0,0
78499,4.071428571,42,3.85150344,Toy Story 3 ,2010,Adventure|Animation|Children|Comedy|Fantasy|IMAX,0,0,1,0,0,1,0,1,0,0,1,0,1,0,1,0,0,0,0,0
79132,4.04954955,111,3.941902466,Inception ,2010,Action|Crime|Drama|Mystery|Sci-Fi|Thriller|IMAX,0,0,0,0,1,0,0,0,0,0,0,1,1,1,0,0,1,0,1,1
80463,3.976744186,43,3.798743119,"Social Network ",2010,Drama,0,0,0,0,0,0,0,0,0,0,0,0,0,1,0,0,0,0,0,0
81591,3.779411765,34,3.66887887,Black Swan ,2010,Drama|Thriller,0,0,0,0,0,0,0,0,0,0,0,0,0,1,0,0,0,0,0,1
81834,3.924242424,33,3.742988058,Harry Potter and the Deathly Hallows: Part 1 ,2010,Action|Adventure|Fantasy|IMAX,0,0,0,0,0,1,0,1,0,0,0,0,1,0,0,0,1,0,0,0
81845,3.925,40,3.761546395,"King's Speech ",2010,Drama,0,0,0,0,0,0,0,0,0,0,0,0,0,1,0,0,0,0,0,0
88125,4.220588235,34,3.90325387,Harry Potter and the Deathly Hallows: Part 2 ,2011,Action|Adventure|Drama|Fantasy|Mystery|IMAX,0,0,0,0,0,1,0,1,0,0,0,1,1,1,0,0,1,0,0,0
89745,4.010869565,46,3.826424311,"Avengers ",2012,Action|Adventure|Sci-Fi|IMAX,0,0,0,0,0,0,0,1,0,0,0,0,1,0,0,0,1,0,1,0
91500,3.381578947,38,3.453062466,The Hunger Games ,2012,Action|Adventure|Drama|Sci-Fi|Thriller,0,0,0,0,0,0,0,1,0,0,0,0,0,1,0,0,1,0,1,1
91529,3.6875,48,3.632157021,"Dark Knight Rises ",2012,Action|Adventure|Crime|IMAX,0,0,0,0,1,0,0,1,0,0,0,0,1,0,0,0,1,0,0,0
99114,3.977272727,44,3.801462806,Django Unchained ,2012,Action|Drama|Western,0,0,0,0,0,0,0,0,0,1,0,0,0,1,0,0,1,0,0,0
109374,4.028571429,35,3.804742272,"Grand Budapest Hotel ",2014,Comedy|Drama,0,0,0,0,0,0,0,0,0,0,1,0,0,1,0,0,0,0,0,0
109487,4.151162791,43,3.901482845,Interstellar ,2014,Sci-Fi|IMAX,0,0,0,0,0,0,0,0,0,0,0,0,1,0,0,0,0,0,1,0
112852,3.986486486,37,3.788182801,Guardians of the Galaxy ,2014,Action|Adventure|Sci-Fi,0,0,0,0,0,0,0,1,0,0,0,0,0,0,0,0,1,0,1,0
116797,4.109375,32,3.835616898,The Imitation Game ,2014,Drama|Thriller|War,0,0,0,0,0,0,0,0,0,0,0,0,0,1,0,0,0,1,0,1
122882,3.790322581,31,3.668987667,Mad Max: Fury Road ,2015,Action|Adventure|Sci-Fi|Thriller,0,0,0,0,0,0,0,1,0,0,0,0,0,0,0,0,1,0,1,1
